P_MPa,T_K,r_m,phase,rho_kgm3,Cp_JkgK,alpha_pK,g_ms2,phi_frac,sigma_Sm,kTherm_WmK,VP_kms,VS_kms,QS,KS_GPa,GS_GPa,Ppore_MPa,rhoMatrix_kgm3,rhoPore_kgm3,MLayer_kg,VLayer_m3,Htidal_Wm3,eta_Pas
0,110,1560800,1,932.71866,949.39073,3.8612049e-05,1.3148247,0,1e-08,5.5636364,4.1673743,2.1573846,25652.12,10.410319,4.3411603,0,932.71866,0,5.0547199e+18,5.4193404e+15,0,1e+19
0.217125,110.79648,1560623,1,932.70922,955.20763,3.9285725e-05,1.3149845,0,1e-08,5.5236412,4.1662647,2.1562047,23747.47,10.407918,4.3363693,0,932.70922,0,5.0529589e+18,5.4175071e+15,0,1e+19
0.43425,111.59873,1560445.9,1,932.69907,961.04528,3.9967636e-05,1.3151444,0,1e-08,5.4839336,4.1651389,2.1550171,21996.435,10.405424,4.3315465,0,932.69907,0,5.0511983e+18,5.4156785e+15,0,1e+19
0.651375,112.40678,1560268.9,1,932.68819,966.904,4.0657759e-05,1.3153044,0,1e-08,5.4445114,4.1639966,2.1538217,20385.735,10.402835,4.3266919,0,932.68819,0,5.0494383e+18,5.4138546e+15,0,1e+19
0.8685,113.22069,1560091.9,1,932.67658,972.78412,4.1356066e-05,1.3154644,0,1e-08,5.4053726,4.1628378,2.1526184,18903.31,10.40015,4.3218051,0,932.67658,0,5.0476787e+18,5.4120355e+15,0,1e+19
1.085625,114.04049,1559915,1,932.6642,978.68596,4.2062521e-05,1.3156245,0,1e-08,5.3665152,4.1616621,2.1514073,17538.201,10.397366,4.3168861,0,932.6642,0,5.0459196e+18,5.4102211e+15,0,1e+19
1.30275,114.86622,1559738,1,932.65106,984.60987,4.2777089e-05,1.3157846,0,1e-08,5.3279371,4.1604694,2.1501883,16280.444,10.394483,4.3119347,0,932.65106,0,5.044161e+18,5.4084118e+15,0,1e+19
1.519875,115.69794,1559561.1,1,932.63713,990.55621,4.3499728e-05,1.3159448,0,1e-08,5.2896363,4.1592593,2.1489613,15120.975,10.391498,4.3069505,0,932.63713,0,5.0424028e+18,5.4066074e+15,0,1e+19
1.737,116.53567,1559384.2,1,932.6224,996.52541,4.4230393e-05,1.316105,0,1e-08,5.2516109,4.1580317,2.1477262,14051.542,10.38841,4.3019335,0,932.6224,0,5.0406451e+18,5.4048081e+15,0,1e+19
1.954125,117.37947,1559207.3,1,932.60685,1002.5179,4.4969033e-05,1.3162653,0,1e-08,5.2138588,4.1567864,2.1464832,13064.632,10.385217,4.2968835,0,932.60685,0,5.0388879e+18,5.403014e+15,0,1e+19
2.17125,118.22939,1559030.4,1,932.59046,1008.5342,4.5715595e-05,1.3164256,0,1e-08,5.1763781,4.155523,2.145232,12153.398,10.381918,4.2918002,0,932.59046,0,5.0371311e+18,5.4012252e+15,0,1e+19
2.388375,119.08545,1558853.5,1,932.57322,1014.5748,4.6470018e-05,1.316586,0,1e-08,5.1391668,4.1542413,2.1439727,11311.599,10.37851,4.2866835,0,932.57322,0,5.0353748e+18,5.3994418e+15,0,1e+19
2.6055,119.94772,1558676.7,1,932.55512,1020.6403,4.7232239e-05,1.3167465,0,1e-08,5.102223,4.1529412,2.1427051,10533.54,10.374993,4.2815332,0,932.55512,0,5.033619e+18,5.3976637e+15,0,1e+19
2.822625,120.81622,1558499.9,1,932.53613,1026.7312,4.8002189e-05,1.316907,0,1e-08,5.0655449,4.1516223,2.1414293,9814.0261,10.371364,4.2763491,0,932.53613,0,5.0318636e+18,5.3958913e+15,0,1e+19
3.03975,121.69102,1558323.1,1,932.51624,1032.848,4.8779795e-05,1.3170676,0,1e-08,5.0291303,4.1502844,2.1401452,9148.3116,10.367621,4.271131,0,932.51624,0,5.0301086e+18,5.3941244e+15,0,1e+19
3.256875,122.57215,1558146.3,1,932.49543,1038.9913,4.9564982e-05,1.3172282,0,1e-08,4.9929776,4.1489273,2.1388528,8532.0617,10.363763,4.2658787,0,932.49543,0,5.0283542e+18,5.3923633e+15,0,1e+19
3.474,123.45966,1557969.5,1,932.47369,1045.1617,5.0357667e-05,1.3173889,0,1e-08,4.9570847,4.1475507,2.1375519,7961.3139,10.359788,4.2605919,0,932.47369,0,5.0266001e+18,5.390608e+15,0,1e+19
3.691125,124.3536,1557792.8,1,932.45099,1051.3599,5.1157767e-05,1.3175496,0,1e-08,4.9214499,4.1461544,2.1362427,7432.4444,10.355694,4.2552706,0,932.45099,0,5.0248466e+18,5.3888586e+15,0,1e+19
3.90825,125.25401,1557616,1,932.42732,1057.5865,5.1965193e-05,1.3177104,0,1e-08,4.8860712,4.1447381,2.1349249,6942.1372,10.35148,4.2499145,0,932.42732,0,5.0230934e+18,5.3871152e+15,0,1e+19
4.125375,126.16094,1557439.3,1,932.40267,1063.8423,5.2779851e-05,1.3178713,0,1e-08,4.8509469,4.1433015,2.1335985,6487.3567,10.347143,4.2445233,0,932.40267,0,5.0213407e+18,5.3853779e+15,0,1e+19
4.3425,127.07443,1557262.6,1,932.37701,1070.128,5.3601645e-05,1.3180322,0,1e-08,4.816075,4.1418445,2.1322636,6065.3224,10.342682,4.2390969,0,932.37701,0,5.0195885e+18,5.3836468e+15,0,1e+19
4.559625,127.99454,1557085.9,1,932.35032,1076.4446,5.4430472e-05,1.3181932,0,1e-08,4.7814538,4.1403667,2.13092,5673.4864,10.338095,4.2336351,0,932.35032,0,5.0178367e+18,5.381922e+15,0,1e+19
4.77675,128.92132,1556909.3,1,932.32259,1082.7925,5.5266227e-05,1.3183542,0,1e-08,4.7470816,4.1388679,2.1295678,5309.5124,10.333381,4.2281378,0,932.32259,0,5.0160853e+18,5.3802036e+15,0,1e+19
4.993875,129.8548,1556732.6,1,932.2938,1089.1727,5.6108803e-05,1.3185153,0,1e-08,4.7129564,4.1373478,2.1282067,4971.2575,10.328536,4.2226045,0,932.2938,0,5.0143344e+18,5.3784916e+15,0,1e+19
5.211,130.79504,1556556,1,932.26393,1095.5858,5.6958085e-05,1.3186765,0,1e-08,4.6790765,4.1358061,2.1268368,4656.7551,10.323561,4.2170352,0,932.26393,0,5.0125839e+18,5.3767862e+15,0,1e+19
5.428125,131.74209,1556379.4,1,932.23296,1102.0326,5.781396e-05,1.3188377,0,1e-08,4.6454401,4.1342427,2.1254581,4364.1992,10.318451,4.2114297,0,932.23296,0,5.0108338e+18,5.3750876e+15,0,1e+19
5.64525,132.696,1556202.8,1,932.20088,1108.5141,5.8676308e-05,1.318999,0,1e-08,4.6120456,4.1326572,2.1240705,4091.9311,10.313207,4.2057877,0,932.20088,0,5.0090842e+18,5.3733957e+15,0,1e+19
5.862375,133.65681,1556026.2,1,932.16766,1115.0309,5.9545007e-05,1.3191603,0,1e-08,4.5788911,4.1310494,2.1226738,3838.4259,10.307826,4.2001091,0,932.16766,0,5.0073349e+18,5.3717107e+15,0,1e+19
6.0795,134.62459,1555849.6,1,932.13328,1121.5843,6.0419932e-05,1.3193217,0,1e-08,4.545975,4.129419,2.1212682,3602.2817,10.302306,4.1943935,0,932.13328,0,5.0055861e+18,5.3700326e+15,0,1e+19
6.296625,135.59936,1555673.1,1,932.09773,1128.175,6.1300956e-05,1.3194832,0,1e-08,4.5132955,4.1277657,2.1198534,3382.2089,10.296646,4.1886409,0,932.09773,0,5.0038377e+18,5.3683617e+15,0,1e+19
6.51375,136.5812,1555496.5,1,932.06098,1134.804,6.2187946e-05,1.3196447,0,1e-08,4.4808509,4.1260893,2.1184295,3177.0202,10.290843,4.1828508,0,932.06098,0,5.0020898e+18,5.366698e+15,0,1e+19
6.730875,137.57015,1555320,1,932.02302,1141.4723,6.308077e-05,1.3198063,0,1e-08,4.4486396,4.1243896,2.1169965,2985.6227,10.284896,4.1770234,0,932.02302,0,5.0003422e+18,5.3650415e+15,0,1e+19
6.948,138.56625,1555143.5,1,931.98383,1148.1806,6.3979289e-05,1.3199679,0,1e-08,4.4166598,4.1226661,2.1155541,2807.0093,10.278803,4.171158,0,931.98383,0,4.9985951e+18,5.3633925e+15,0,1e+19
7.165125,139.56957,1554967,1,931.94338,1154.9299,6.4883368e-05,1.3201296,0,1e-08,4.3849099,4.1209186,2.1141024,2640.252,10.272562,4.1652547,0,931.94338,0,4.9968483e+18,5.361751e+15,0,1e+19
7.38225,140.58016,1554790.5,1,931.90167,1161.7211,6.5792863e-05,1.3202914,0,1e-08,4.3533882,4.119147,2.1126413,2484.4949,10.266171,4.1593133,0,931.90167,0,4.995102e+18,5.360117e+15,0,1e+19
7.599375,141.59806,1554614,1,931.85865,1168.5552,6.6707633e-05,1.3204533,0,1e-08,4.3220931,4.1173509,2.1111708,2338.9486,10.259629,4.1533333,0,931.85865,0,4.9933561e+18,5.3584909e+15,0,1e+19
7.8165,142.62333,1554437.6,1,931.81433,1175.4334,6.7627533e-05,1.3206152,0,1e-08,4.291023,4.11553,2.1096908,2202.8844,10.252933,4.1473147,0,931.81433,0,4.9916105e+18,5.3568725e+15,0,1e+19
8.033625,143.65603,1554261.1,1,931.76867,1182.3567,6.8552418e-05,1.3207771,0,1e-08,4.2601763,4.1136841,2.1082012,2075.6296,10.246083,4.1412572,0,931.76867,0,4.9898654e+18,5.355262e+15,0,1e+19
8.25075,144.6962,1554084.7,1,931.72166,1189.3262,6.9482138e-05,1.3209392,0,1e-08,4.2295513,4.1118128,2.1067019,1956.5627,10.239075,4.1351605,0,931.72166,0,4.9881206e+18,5.3536597e+15,0,1e+19
8.467875,145.7439,1553908.3,1,931.67327,1196.3429,7.0416545e-05,1.3211013,0,1e-08,4.1991465,4.109916,2.105193,1845.1094,10.231909,4.1290245,0,931.67327,0,4.9863763e+18,5.3520654e+15,0,1e+19
8.685,146.7992,1553731.9,1,931.62349,1203.4077,7.1355488e-05,1.3212634,0,1e-08,4.1689602,4.1079933,2.1036743,1740.7387,10.224582,4.1228489,0,931.62349,0,4.9846323e+18,5.3504794e+15,0,1e+19
8.902125,147.86213,1553555.5,1,931.57229,1210.5216,7.2298816e-05,1.3214257,0,1e-08,4.1389909,4.1060445,2.1021457,1642.9594,10.217093,4.1166335,0,931.57229,0,4.9828887e+18,5.3489018e+15,0,1e+19
9.11925,148.93276,1553379.1,1,931.51965,1217.6855,7.3246375e-05,1.321588,0,1e-08,4.1092371,4.1040693,2.1006073,1551.317,10.20944,4.1103779,0,931.51965,0,4.9811455e+18,5.3473327e+15,0,1e+19
9.336375,150.01114,1553202.7,1,931.46556,1224.9004,7.4198013e-05,1.3217504,0,1e-08,4.0796971,4.1020674,2.0990588,1465.3909,10.201621,4.104082,0,931.46556,0,4.9794026e+18,5.3457721e+15,0,1e+19
9.5535,151.09732,1553026.4,1,931.40999,1232.1675,7.5153575e-05,1.3219128,0,1e-08,4.0503695,4.1000386,2.0975004,1384.7912,10.193636,4.0977456,0,931.40999,0,4.9776602e+18,5.3442203e+15,0,1e+19
9.770625,152.19138,1552850,1,931.35292,1239.4879,7.6112908e-05,1.3220753,0,1e-08,4.0212528,4.0979825,2.0959318,1309.157,10.18548,4.0913684,0,931.35292,0,4.9759181e+18,5.3426773e+15,0,1e+19
9.98775,153.29335,1552673.7,1,931.29433,1246.8625,7.7075857e-05,1.3222379,0,1e-08,3.9923453,4.0958989,2.0943531,1238.1536,10.177155,4.0849501,0,931.29433,0,4.9741763e+18,5.3411431e+15,0,1e+19
10.204875,154.40331,1552497.4,1,931.2342,1254.2926,7.8042268e-05,1.3224005,0,1e-08,3.9636457,4.0937876,2.0927641,1171.4706,10.168656,4.0784905,0,931.2342,0,4.9724349e+18,5.3396181e+15,0,1e+19
10.422,155.5213,1552321.1,1,931.1725,1261.7791,7.9011987e-05,1.3225632,0,1e-08,3.9351523,4.0916482,2.0911647,1108.8201,10.159984,4.0719893,0,931.1725,0,4.9706939e+18,5.3381021e+15,0,1e+19
10.639125,156.64738,1552144.8,1,931.10922,1269.323,7.9984861e-05,1.322726,0,1e-08,3.9068638,4.0894805,2.089555,1049.935,10.151136,4.0654463,0,931.10922,0,4.9689532e+18,5.3365955e+15,0,1e+19
10.85625,157.78162,1551968.5,1,931.04433,1276.9252,8.0960734e-05,1.3228889,0,1e-08,3.8787787,4.0872842,2.0879347,994.5671,10.142111,4.0588612,0,931.04433,0,4.9672129e+18,5.3350982e+15,0,1e+19
11.073375,158.92408,1551792.2,1,930.97782,1284.5868,8.1939454e-05,1.3230518,0,1e-08,3.8508954,4.0850592,2.086304,942.48597,10.132908,4.0522339,0,930.97782,0,4.9654729e+18,5.3336104e+15,0,1e+19
11.2905,160.0748,1551615.9,1,930.90965,1292.3088,8.2920867e-05,1.3232148,0,1e-08,3.8232126,4.082805,2.0846626,893.47751,10.123524,4.0455639,0,930.90965,0,4.9637333e+18,5.3321322e+15,0,1e+19
11.507625,161.23386,1551439.6,1,930.83981,1300.0923,8.3904822e-05,1.3233779,0,1e-08,3.7957288,4.0805214,2.0830104,847.34266,10.113958,4.038851,0,930.83981,0,4.961994e+18,5.3306637e+15,0,1e+19
11.72475,162.40131,1551263.4,1,930.76829,1307.9384,8.4891166e-05,1.3235411,0,1e-08,3.7684426,4.0782083,2.0813475,803.8963,10.104209,4.0320951,0,930.76829,0,4.960255e+18,5.3292051e+15,0,1e+19
11.941875,163.57721,1551087.1,1,930.69504,1315.8482,8.5879752e-05,1.3237043,0,1e-08,3.7413525,4.0758652,2.0796737,762.96623,10.094276,4.0252957,0,930.69504,0,4.9585164e+18,5.3277563e+15,0,1e+19
12.159,164.76163,1550910.9,1,930.62006,1323.8226,8.6870431e-05,1.3238676,0,1e-08,3.7144571,4.0734921,2.0779889,724.39217,10.084156,4.0184527,0,930.62006,0,4.9567781e+18,5.3263177e+15,0,1e+19
12.376125,165.95462,1550734.6,1,930.54332,1331.8627,8.7863056e-05,1.324031,0,1e-08,3.6877551,4.0710885,2.0762931,688.0249,10.073849,4.0115658,0,930.54332,0,4.9550401e+18,5.3248892e+15,0,1e+19
12.59325,167.15625,1550558.4,1,930.4648,1339.9692,8.8857482e-05,1.3241944,0,1e-08,3.6612451,4.0686543,2.0745862,653.72541,10.063353,4.0046347,0,930.4648,0,4.9533025e+18,5.3234711e+15,0,1e+19
12.810375,168.36658,1550382.2,1,930.38448,1348.1431,8.9853564e-05,1.324358,0,1e-08,3.6349256,4.0661893,2.072868,621.3642,10.052667,3.9976591,0,930.38448,0,4.9515651e+18,5.3220633e+15,0,1e+19
13.0275,169.58568,1550206,1,930.30233,1356.3853,9.0851158e-05,1.3245216,0,1e-08,3.6087953,4.0636931,2.0711385,590.82055,10.04179,3.9906387,0,930.30233,0,4.9498281e+18,5.3206661e+15,0,1e+19
13.244625,170.8136,1550029.8,1,930.21833,1364.6969,9.1850122e-05,1.3246852,0,1e-08,3.5828529,4.0611656,2.0693977,561.98189,10.030721,3.9835733,0,930.21833,0,4.9480913e+18,5.3192795e+15,0,1e+19
13.46175,172.05041,1549853.6,1,930.13246,1373.0787,9.2850318e-05,1.324849,0,1e-08,3.557097,4.0586064,2.0676453,534.74322,10.019458,3.9764625,0,930.13246,0,4.9463549e+18,5.3179037e+15,0,1e+19
13.678875,173.29618,1549677.4,1,930.0447,1381.5317,9.3851608e-05,1.3250129,0,1e-08,3.5315262,4.0560155,2.0658814,509.00654,10.008001,3.9693061,0,930.0447,0,4.9446187e+18,5.3165388e+15,0,1e+19
13.896,174.55097,1549501.2,1,929.95503,1390.0568,9.485386e-05,1.3251768,0,1e-08,3.5061392,4.0533925,2.0641058,484.68037,9.9963473,3.9621039,0,929.95503,0,4.9428829e+18,5.3151849e+15,0,1e+19
14.113125,175.81485,1549325,1,929.86341,1398.655,9.585694e-05,1.3253408,0,1e-08,3.4809347,4.0507372,2.0623184,461.67929,9.9844971,3.9548554,0,929.86341,0,4.9411473e+18,5.3138421e+15,0,1e+19
14.33025,177.08787,1549148.8,1,929.76984,1407.3272,9.6860718e-05,1.3255049,0,1e-08,3.4559114,4.0480494,2.0605192,439.92348,9.9724492,3.9475604,0,929.76984,0,4.939412e+18,5.3125105e+15,0,1e+19
14.547375,178.37011,1548972.6,1,929.67428,1416.0741,9.7865066e-05,1.325669,0,1e-08,3.431068,4.0453289,2.058708,419.33835,9.9602027,3.9402187,0,929.67428,0,4.937677e+18,5.3111903e+15,0,1e+19
14.7645,179.66164,1548796.5,1,929.57672,1424.8968,9.8869856e-05,1.3258333,0,1e-08,3.4064032,4.0425755,2.0568848,399.85418,9.9477568,3.9328299,0,929.57672,0,4.9359423e+18,5.3098816e+15,0,1e+19
14.981625,180.96252,1548620.3,1,929.47713,1433.7961,9.9874963e-05,1.3259976,0,1e-08,3.3819157,4.0397889,2.0550493,381.40575,9.9351104,3.9253936,0,929.47713,0,4.9342078e+18,5.3085844e+15,0,1e+19
15.19875,182.27282,1548444.1,1,929.37549,1442.7729,0.00010088027,1.326162,0,1e-08,3.3576043,4.036969,2.0532016,363.93205,9.9222629,3.9179097,0,929.37549,0,4.9324737e+18,5.307299e+15,0,1e+19
15.415875,183.59261,1548268,1,929.27177,1451.8281,0.00010188565,1.3263265,0,1e-08,3.3334675,4.0341155,2.0513416,347.37598,9.9092137,3.9103778,0,929.27177,0,4.9307397e+18,5.3060255e+15,0,1e+19
15.633,184.92195,1548091.8,1,929.16596,1460.9626,0.00010289099,1.3264911,0,1e-08,3.3095044,4.0312283,2.0494691,331.68408,9.8959619,3.9027975,0,929.16596,0,4.929006e+18,5.3047639e+15,0,1e+19
15.850125,186.26092,1547915.6,1,929.05803,1470.1771,0.00010389617,1.3266558,0,1e-08,3.2857134,4.0283072,2.0475839,316.80628,9.8825071,3.8951686,0,929.05803,0,4.9272726e+18,5.3035144e+15,0,1e+19
16.06725,187.60958,1547739.5,1,928.94795,1479.4725,0.0001049011,1.3268205,0,1e-08,3.2620935,4.025352,2.0456861,302.69567,9.8688487,3.8874908,0,928.94795,0,4.9255394e+18,5.3022771e+15,0,1e+19
16.284375,188.96801,1547563.3,1,928.8357,1488.8496,0.00010590565,1.3269854,0,1e-08,3.2386434,4.0223625,2.0437755,289.3083,9.8549863,3.8797637,0,928.8357,0,4.9238065e+18,5.3010521e+15,0,1e+19
16.5015,190.33627,1547387.1,1,928.72127,1498.3092,0.00010690972,1.3271503,0,1e-08,3.2153619,4.0193386,2.041852,276.60294,9.8409195,3.8719871,0,928.72127,0,4.9220737e+18,5.2998396e+15,0,1e+19
16.718625,191.71445,1547211,1,928.60462,1507.8518,0.00010791322,1.3273153,0,1e-08,3.1922477,4.01628,2.0399154,264.54094,9.8266477,3.8641605,0,928.60462,0,4.9203413e+18,5.2986397e+15,0,1e+19
16.93575,193.1026,1547034.8,1,928.48573,1517.4784,0.00010891602,1.3274804,0,1e-08,3.1692997,4.0131867,2.0379657,253.08605,9.8121708,3.8562836,0,928.48573,0,4.918609e+18,5.2974524e+15,0,1e+19
17.152875,194.5008,1546858.7,1,928.36458,1527.1895,0.00010991804,1.3276456,0,1e-08,3.1465166,4.0100584,2.0360027,242.20422,9.7974887,3.8483563,0,928.36458,0,4.9168769e+18,5.296278e+15,0,1e+19
17.37,195.90912,1546682.5,1,928.24115,1536.9859,0.00011091919,1.3278109,0,1e-08,3.1238974,4.0068951,2.0340264,231.86352,9.7826011,3.840378,0,928.24115,0,4.9151451e+18,5.2951166e+15,0,1e+19
17.587125,197.32765,1546506.3,1,928.11541,1546.8683,0.00011191936,1.3279763,0,1e-08,3.1014407,4.0036965,2.0320365,222.03394,9.7675076,3.8323485,0,928.11541,0,4.9134135e+18,5.2939682e+15,0,1e+19
17.80425,198.75644,1546330.2,1,927.98734,1556.8374,0.00011291848,1.3281418,0,1e-08,3.0791455,4.0004626,2.030033,212.68729,9.7522088,3.8242674,0,927.98734,0,4.9116821e+18,5.2928331e+15,0,1e+19
18.021375,200.19558,1546154,1,927.85691,1566.8941,0.00011391645,1.3283073,0,1e-08,3.0570105,3.9971932,2.0280158,203.79709,9.7367041,3.8161343,0,927.85691,0,4.9099509e+18,5.2917112e+15,0,1e+19
18.2385,201.64514,1545977.8,1,927.72411,1577.0391,0.00011491319,1.328473,0,1e-08,3.0350347,3.9938882,2.0259846,195.33845,9.7209941,3.8079491,0,927.72411,0,4.9082198e+18,5.2906029e+15,0,1e+19
18.455625,203.1052,1545801.7,1,927.5889,1587.2732,0.00011590862,1.3286388,0,1e-08,3.0132168,3.9905474,2.0239395,187.28794,9.7050787,3.7997113,0,927.5889,0,4.906489e+18,5.2895081e+15,0,1e+19
18.67275,204.57583,1545625.5,1,927.45126,1597.5971,0.00011690266,1.3288046,0,1e-08,2.9915558,3.9871708,2.0218802,179.62356,9.688958,3.7914205,0,927.45126,0,4.9047583e+18,5.2884271e+15,0,1e+19
18.889875,206.0571,1545449.3,1,927.31117,1608.0116,0.00011789522,1.3289706,0,1e-08,2.9700505,3.9837583,2.0198067,172.32459,9.6726325,3.7830763,0,927.31117,0,4.9030278e+18,5.2873598e+15,0,1e+19
19.107,207.5491,1545273.1,1,927.1686,1618.5173,0.00011888624,1.3291366,0,1e-08,2.9486998,3.9803097,2.0177187,165.37151,9.6561023,3.7746785,0,927.1686,0,4.9012975e+18,5.2863066e+15,0,1e+19
19.324125,209.05191,1545096.9,1,927.02354,1629.115,0.00011987564,1.3293028,0,1e-08,2.9275026,3.9768249,2.0156162,158.74597,9.6393681,3.7662267,0,927.02354,0,4.8995674e+18,5.2852675e+15,0,1e+19
19.54125,210.56559,1544920.7,1,926.87594,1639.8053,0.00012086336,1.329469,0,1e-08,2.9064577,3.9733039,2.0134991,152.43069,9.6224302,3.7577205,0,926.87594,0,4.8978374e+18,5.2842426e+15,0,1e+19
19.758375,212.09024,1544744.5,1,926.7258,1650.5888,0.00012184933,1.3296353,0,1e-08,2.8855642,3.9697467,2.0113671,146.40935,9.6052894,3.7491595,0,926.7258,0,4.8961075e+18,5.2832321e+15,0,1e+19
19.9755,213.62593,1544568.3,1,926.57309,1661.4664,0.00012283349,1.3298018,0,1e-08,2.8648208,3.966153,2.0092201,140.66663,9.5879459,3.7405434,0,926.57309,0,4.8943778e+18,5.2822361e+15,0,1e+19
20.192625,215.17273,1544392.1,1,926.41778,1672.4385,0.00012381577,1.3299683,0,1e-08,2.8442266,3.9625229,2.007058,135.18803,9.5704009,3.7318719,0,926.41778,0,4.8926483e+18,5.2812548e+15,0,1e+19
20.40975,216.73074,1544215.9,1,926.25984,1683.5057,0.00012479612,1.330135,0,1e-08,2.8237804,3.9588563,2.0048807,129.95992,9.5526546,3.7231444,0,926.25984,0,4.8909189e+18,5.2802882e+15,0,1e+19
20.626875,218.30002,1544039.7,1,926.09925,1694.6687,0.00012577447,1.3303017,0,1e-08,2.8034811,3.9551532,2.0026879,124.96943,9.5347085,3.7143608,0,926.09925,0,4.8891896e+18,5.2793365e+15,0,1e+19
20.844,219.88067,1543863.4,1,925.93599,1705.928,0.00012675078,1.3304686,0,1e-08,2.7833278,3.9514134,2.0004796,120.2044,9.5165628,3.7055205,0,925.93599,0,4.8874604e+18,5.2783998e+15,0,1e+19
21.061125,221.47277,1543687.2,1,925.77003,1717.284,0.00012772499,1.3306356,0,1e-08,2.7633194,3.947637,1.9982556,115.65337,9.498219,3.6966233,0,925.77003,0,4.8857313e+18,5.2774784e+15,0,1e+19
21.27825,223.07639,1543510.9,1,925.60135,1728.7373,0.00012869706,1.3308026,0,1e-08,2.7434548,3.9438239,1.9960157,111.30553,9.4796778,3.6876686,0,925.60135,0,4.8840024e+18,5.2765722e+15,0,1e+19
21.495375,224.69162,1543334.7,1,925.42992,1740.2885,0.00012966694,1.3309698,0,1e-08,2.723733,3.9399741,1.9937598,107.15065,9.4609405,3.6786561,0,925.42992,0,4.8822735e+18,5.2756815e+15,0,1e+19
21.7125,226.31855,1543158.4,1,925.25571,1751.9384,0.00013063458,1.3311371,0,1e-08,2.704153,3.9360876,1.9914876,103.17909,9.442008,3.6695855,0,925.25571,0,4.8805448e+18,5.2748064e+15,0,1e+19
21.929625,227.95726,1542982.1,1,925.07871,1763.6878,0.00013159994,1.3313045,0,1e-08,2.6847138,3.9321644,1.9891992,99.381704,9.4228819,3.6604563,0,925.07871,0,4.8788161e+18,5.2739471e+15,0,1e+19
22.14675,229.60784,1542805.8,1,924.89888,1775.5374,0.00013256298,1.331472,0,1e-08,2.6654142,3.9282045,1.9868942,95.749888,9.4035631,3.6512681,0,924.89888,0,4.8770876e+18,5.2731036e+15,0,1e+19
22.363875,231.27036,1542629.5,1,924.71619,1787.4878,0.00013352367,1.3316396,0,1e-08,2.6462535,3.9242077,1.9845725,92.275484,9.3840529,3.6420206,0,924.71619,0,4.8753591e+18,5.2722761e+15,0,1e+19
22.581,232.94493,1542453.2,1,924.53063,1799.5399,0.00013448196,1.3318073,0,1e-08,2.6272304,3.9201743,1.9822339,88.950785,9.3643531,3.6327133,0,924.53063,0,4.8736306e+18,5.2714648e+15,0,1e+19
22.798125,234.63162,1542276.8,1,924.34216,1811.6942,0.00013543783,1.3319752,0,1e-08,2.6083441,3.9161041,1.9798784,85.768497,9.3444647,3.6233458,0,924.34216,0,4.8719023e+18,5.2706698e+15,0,1e+19
23.01525,236.33052,1542100.5,1,924.15076,1823.9513,0.00013639123,1.3321431,0,1e-08,2.5895936,3.9119972,1.9775056,82.72172,9.3243896,3.6139177,0,924.15076,0,4.870174e+18,5.2698912e+15,0,1e+19
23.232375,238.04172,1541924.1,1,923.95641,1836.312,0.00013734214,1.3323112,0,1e-08,2.5709779,3.9078536,1.9751154,79.803921,9.3041293,3.6044287,0,923.95641,0,4.8684457e+18,5.2691292e+15,0,1e+19
23.4495,239.76531,1541747.7,1,923.75908,1848.7767,0.00013829054,1.3324794,0,1e-08,2.552496,3.9036734,1.9727076,77.008917,9.2836851,3.5948781,0,923.75908,0,4.8667175e+18,5.268384e+15,0,1e+19
23.666625,241.50139,1541571.3,1,923.55873,1861.3462,0.00013923639,1.3326477,0,1e-08,2.5341469,3.8994565,1.9702821,74.330851,9.2630592,3.5852657,0,923.55873,0,4.8649893e+18,5.2676556e+15,0,1e+19
23.88375,243.25003,1541394.9,1,923.35535,1874.021,0.00014017968,1.3328161,0,1e-08,2.5159298,3.8952031,1.9678387,71.764175,9.2422531,3.5755911,0,923.35535,0,4.8632612e+18,5.2669443e+15,0,1e+19
24.100875,245.01134,1541218.5,1,923.1489,1886.8016,0.00014112037,1.3329846,0,1e-08,2.4978436,3.8909131,1.9653771,69.303633,9.2212687,3.5658537,0,923.1489,0,4.8615331e+18,5.2662501e+15,0,1e+19
24.318,246.7854,1541042,1,922.93937,1899.6886,0.00014205845,1.3331533,0,1e-08,2.4798874,3.8865866,1.9628971,66.944241,9.2001078,3.5560532,0,922.93937,0,4.8598049e+18,5.2655733e+15,0,1e+19
24.535125,248.5723,1540865.6,1,922.72672,1912.6824,0.00014299389,1.3333221,0,1e-08,2.4620603,3.8822238,1.9603987,64.681276,9.1787726,3.5461892,0,922.72672,0,4.8580768e+18,5.264914e+15,0,1e+19
24.75225,250.37214,1540689.1,1,922.51092,1925.7834,0.00014392669,1.333491,0,1e-08,2.4443614,3.8778246,1.9578815,62.510259,9.1572647,3.5362611,0,922.51092,0,4.8563487e+18,5.2642724e+15,0,1e+19
24.969375,252.18502,1540512.6,1,922.29196,1938.9921,0.00014485682,1.33366,0,1e-08,2.4267897,3.8733891,1.9553454,60.426941,9.1355866,3.5262686,0,922.29196,0,4.8546206e+18,5.2636485e+15,0,1e+19
25.1865,254.01102,1540336.1,1,922.06979,1952.3091,0.00014578427,1.3338292,0,1e-08,2.4093443,3.8689174,1.9527902,58.427289,9.1137401,3.5162112,0,922.06979,0,4.8528925e+18,5.2630425e+15,0,1e+19
25.403625,255.85024,1540159.5,1,921.84439,1965.7353,0.00014670904,1.3339985,0,1e-08,2.3920243,3.8644096,1.9502156,56.507479,9.0917276,3.5060885,0,921.84439,0,4.8511644e+18,5.2624547e+15,0,1e+19
25.62075,257.70278,1539983,1,921.61575,1979.2713,0.0001476311,1.3341679,0,1e-08,2.3748289,3.8598657,1.9476214,54.663877,9.0695508,3.4958998,0,921.61575,0,4.8494362e+18,5.2618852e+15,0,1e+19
25.837875,257.70731,1539806.4,1,921.63781,1979.2719,0.00014759543,1.3343374,0,1e-08,2.3747871,3.8599369,1.9475621,54.659477,9.0705584,3.4957705,0,921.63781,0,4.8477082e+18,5.2598842e+15,0,1e+19
26.055,257.71184,1539629.8,1,921.65987,1979.2724,0.00014755976,1.334507,0,1e-08,2.3747454,3.8600081,1.9475028,54.655078,9.0715661,3.4956411,0,921.65987,0,4.8459807e+18,5.257884e+15,0,1e+19
26.272125,257.71636,1539453.3,1,921.68193,1979.273,0.00014752409,1.3346766,0,1e-08,2.3747037,3.8600792,1.9474434,54.650681,9.0725733,3.4955116,0,921.68193,0,4.8442538e+18,5.2558845e+15,0,1e+19
26.48925,257.72089,1539276.8,1,921.70398,1979.2735,0.00014748841,1.3348463,0,1e-08,2.374662,3.8601504,1.9473841,54.646286,9.073581,3.4953823,0,921.70398,0,4.8425274e+18,5.2538857e+15,0,1e+19
26.706375,257.72541,1539100.3,1,921.72604,1979.2741,0.00014745273,1.335016,0,1e-08,2.3746203,3.8602216,1.9473247,54.641892,9.0745886,3.495253,0,921.72604,0,4.8408016e+18,5.2518877e+15,0,1e+19
26.9235,257.72993,1538923.9,1,921.74809,1979.2746,0.00014741705,1.3351857,0,1e-08,2.3745787,3.8602927,1.9472654,54.6375,9.0755962,3.4951237,0,921.74809,0,4.8390764e+18,5.2498904e+15,0,1e+19
27.140625,257.73446,1538747.4,1,921.77014,1979.2752,0.00014738136,1.3353556,0,1e-08,2.374537,3.8603639,1.9472061,54.633109,9.0766034,3.4949942,0,921.77014,0,4.8373518e+18,5.2478938e+15,0,1e+19
27.35775,257.73898,1538571,1,921.79219,1979.2757,0.00014734567,1.3355254,0,1e-08,2.3744953,3.860435,1.9471468,54.62872,9.077611,3.494865,0,921.79219,0,4.8356278e+18,5.2458979e+15,0,1e+19
27.574875,257.7435,1538394.7,1,921.81424,1979.2762,0.00014730997,1.3356953,0,1e-08,2.3744537,3.8605062,1.9470875,54.624333,9.0786186,3.4947357,0,921.81424,0,4.8339043e+18,5.2439028e+15,0,1e+19
27.792,257.74801,1538218.3,1,921.83628,1979.2768,0.00014727428,1.3358652,0,1e-08,2.3744121,3.8605774,1.9470282,54.619947,9.0796261,3.4946064,0,921.83628,0,4.8321813e+18,5.2419084e+15,0,1e+19
28.009125,257.75253,1538042,1,921.85833,1979.2773,0.00014723857,1.3360352,0,1e-08,2.3743705,3.8606486,1.9469689,54.615563,9.0806337,3.4944772,0,921.85833,0,4.830459e+18,5.2399147e+15,0,1e+19
28.22625,257.75705,1537865.7,1,921.88037,1979.2778,0.00014720287,1.3362053,0,1e-08,2.3743289,3.8607198,1.9469096,54.61118,9.0816412,3.4943479,0,921.88037,0,4.8287372e+18,5.2379217e+15,0,1e+19
28.443375,257.76156,1537689.5,1,921.90241,1979.2784,0.00014716716,1.3363753,0,1e-08,2.3742873,3.860791,1.9468503,54.606799,9.0826487,3.4942187,0,921.90241,0,4.827016e+18,5.2359295e+15,0,1e+19
28.6605,257.76608,1537513.2,1,921.92444,1979.2789,0.00014713144,1.3365455,0,1e-08,2.3742457,3.8608621,1.9467911,54.60242,9.0836562,3.4940894,0,921.92444,0,4.8252953e+18,5.233938e+15,0,1e+19
28.877625,257.77059,1537337,1,921.94648,1979.2794,0.00014709573,1.3367156,0,1e-08,2.3742041,3.8609333,1.9467318,54.598042,9.0846637,3.4939602,0,921.94648,0,4.8235753e+18,5.2319472e+15,0,1e+19
29.09475,257.7751,1537160.8,1,921.96851,1979.2799,0.00014706001,1.3368858,0,1e-08,2.3741626,3.8610046,1.9466726,54.593666,9.0856716,3.4938312,0,921.96851,0,4.8218558e+18,5.2299571e+15,0,1e+19
29.311875,257.77961,1536984.7,1,921.99055,1979.2805,0.00014702428,1.3370561,0,1e-08,2.374121,3.8610758,1.9466133,54.589291,9.0866791,3.493702,0,921.99055,0,4.8201368e+18,5.2279677e+15,0,1e+19
29.529,257.78412,1536808.5,1,922.01258,1979.281,0.00014698856,1.3372264,0,1e-08,2.3740795,3.8611469,1.9465541,54.584918,9.0876865,3.4935728,0,922.01258,0,4.8184185e+18,5.2259791e+15,0,1e+19
29.746125,257.78863,1536632.4,1,922.0346,1979.2815,0.00014695282,1.3373968,0,1e-08,2.374038,3.8612181,1.9464949,54.580547,9.088694,3.4934436,0,922.0346,0,4.8167007e+18,5.2239912e+15,0,1e+19
29.96325,257.79314,1536456.4,1,922.05663,1979.282,0.00014691709,1.3375671,0,1e-08,2.3739965,3.8612894,1.9464357,54.576177,9.0897018,3.4933146,0,922.05663,0,4.8149834e+18,5.222004e+15,0,1e+19
30.180375,257.79764,1536280.3,1,922.07865,1979.2825,0.00014688135,1.3377376,0,1e-08,2.373955,3.8613605,1.9463764,54.571809,9.0907092,3.4931855,0,922.07865,0,4.8132668e+18,5.2200176e+15,0,1e+19
30.3975,257.80215,1536104.3,1,922.10068,1979.283,0.00014684561,1.3379081,0,1e-08,2.3739135,3.8614317,1.9463172,54.567442,9.0917166,3.4930563,0,922.10068,0,4.8115507e+18,5.2180318e+15,0,1e+19
30.614625,257.80665,1535928.3,1,922.1227,1979.2835,0.00014680986,1.3380786,0,1e-08,2.373872,3.861503,1.946258,54.563077,9.0927244,3.4929273,0,922.1227,0,4.8098351e+18,5.2160468e+15,0,1e+19
30.83175,257.81115,1535752.3,1,922.14471,1979.284,0.00014677411,1.3382492,0,1e-08,2.3738306,3.8615742,1.9461988,54.558714,9.0937317,3.4927982,0,922.14471,0,4.8081202e+18,5.2140625e+15,0,1e+19
31.048875,257.81565,1535576.4,1,922.16673,1979.2845,0.00014673836,1.3384198,0,1e-08,2.3737891,3.8616454,1.9461397,54.554352,9.0947395,3.4926692,0,922.16673,0,4.8064058e+18,5.2120789e+15,0,1e+19
31.266,257.82015,1535400.5,1,922.18875,1979.285,0.0001467026,1.3385905,0,1e-08,2.3737477,3.8617166,1.9460805,54.549992,9.0957468,3.4925401,0,922.18875,0,4.804692e+18,5.2100961e+15,0,1e+19
31.483125,257.82465,1535224.6,1,922.21076,1979.2855,0.00014666684,1.3387612,0,1e-08,2.3737063,3.8617878,1.9460213,54.545633,9.0967545,3.4924112,0,922.21076,0,4.8029787e+18,5.2081139e+15,0,1e+19
31.70025,257.82915,1535048.7,1,922.23277,1979.286,0.00014663108,1.3389319,0,1e-08,2.3736649,3.861859,1.9459621,54.541276,9.0977619,3.4922821,0,922.23277,0,4.801266e+18,5.2061325e+15,0,1e+19
31.917375,257.83365,1534872.9,1,922.25478,1979.2865,0.00014659531,1.3391027,0,1e-08,2.3736235,3.8619303,1.945903,54.53692,9.0987696,3.4921532,0,922.25478,0,4.7995539e+18,5.2041518e+15,0,1e+19
32.1345,257.83814,1534697.1,1,922.27678,1979.287,0.00014655954,1.3392736,0,1e-08,2.3735821,3.8620015,1.9458439,54.532566,9.0997772,3.4920243,0,922.27678,0,4.7978423e+18,5.2021719e+15,0,1e+19
32.351625,257.84264,1534521.3,1,922.29879,1979.2875,0.00014652376,1.3394445,0,1e-08,2.3735407,3.8620727,1.9457847,54.528214,9.1007845,3.4918952,0,922.29879,0,4.7961314e+18,5.2001926e+15,0,1e+19
32.56875,257.84713,1534345.5,1,922.32079,1979.2879,0.00014648798,1.3396154,0,1e-08,2.3734993,3.8621439,1.9457256,54.523863,9.1017921,3.4917663,0,922.32079,0,4.7944209e+18,5.1982141e+15,0,1e+19
32.785875,257.85163,1534169.8,1,922.34279,1979.2884,0.0001464522,1.3397864,0,1e-08,2.373458,3.8622152,1.9456665,54.519514,9.1027998,3.4916374,0,922.34279,0,4.7927111e+18,5.1962363e+15,0,1e+19
33.003,257.85612,1533994.1,1,922.36479,1979.2889,0.00014641641,1.3399574,0,1e-08,2.3734166,3.8622864,1.9456073,54.515167,9.1038074,3.4915086,0,922.36479,0,4.7910018e+18,5.1942592e+15,0,1e+19
33.220125,257.86061,1533818.4,1,922.38679,1979.2894,0.00014638062,1.3401285,0,1e-08,2.3733753,3.8623577,1.9455482,54.510821,9.104815,3.4913797,0,922.38679,0,4.7892931e+18,5.1922828e+15,0,1e+19
33.43725,257.8651,1533642.7,1,922.40878,1979.2898,0.00014634483,1.3402996,0,1e-08,2.373334,3.8624289,1.9454891,54.506476,9.1058226,3.4912509,0,922.40878,0,4.7875849e+18,5.1903072e+15,0,1e+19
33.654375,257.86958,1533467.1,1,922.43078,1979.2903,0.00014630903,1.3404707,0,1e-08,2.3732927,3.8625001,1.94543,54.502134,9.1068297,3.4911219,0,922.43078,0,4.7858773e+18,5.1883322e+15,0,1e+19
33.8715,257.87407,1533291.5,1,922.45277,1979.2908,0.00014627323,1.3406419,0,1e-08,2.3732514,3.8625713,1.9453709,54.497793,9.1078373,3.490993,0,922.45277,0,4.7841703e+18,5.186358e+15,0,1e+19
34.088625,257.87856,1533116,1,922.47476,1979.2912,0.00014623743,1.3408132,0,1e-08,2.3732101,3.8626426,1.9453118,54.493453,9.1088449,3.4908642,0,922.47476,0,4.7824639e+18,5.1843845e+15,0,1e+19
34.30575,257.88304,1532940.4,1,922.49675,1979.2917,0.00014620162,1.3409845,0,1e-08,2.3731689,3.8627139,1.9452528,54.489115,9.1098528,3.4907355,0,922.49675,0,4.780758e+18,5.1824118e+15,0,1e+19
34.522875,257.88752,1532764.9,1,922.51873,1979.2922,0.00014616581,1.3411558,0,1e-08,2.3731276,3.8627851,1.9451937,54.484778,9.1108603,3.4906067,0,922.51873,0,4.7790527e+18,5.1804397e+15,0,1e+19
34.74,257.89201,1532589.4,1,922.54072,1979.2926,0.00014612999,1.3413272,0,1e-08,2.3730863,3.8628564,1.9451347,54.480444,9.1118678,3.490478,0,922.54072,0,4.7773479e+18,5.1784684e+15,0,1e+19
34.957125,257.89649,1532413.9,1,922.5627,1979.2931,0.00014609417,1.3414987,0,1e-08,2.3730451,3.8629276,1.9450756,54.47611,9.1128753,3.4903492,0,922.5627,0,4.7756437e+18,5.1764977e+15,0,1e+19
35.17425,257.90097,1532238.5,1,922.58468,1979.2935,0.00014605835,1.3416701,0,1e-08,2.3730039,3.8629989,1.9450166,54.471779,9.1138827,3.4902204,0,922.58468,0,4.7739401e+18,5.1745278e+15,0,1e+19
35.391375,257.90545,1532063.1,1,922.60666,1979.294,0.00014602252,1.3418417,0,1e-08,2.3729627,3.8630701,1.9449575,54.467449,9.1148902,3.4900916,0,922.60666,0,4.772237e+18,5.1725586e+15,0,1e+19
35.6085,257.90992,1531887.7,1,922.62863,1979.2944,0.00014598669,1.3420132,0,1e-08,2.3729215,3.8631414,1.9448985,54.46312,9.115898,3.489963,0,922.62863,0,4.7705345e+18,5.1705902e+15,0,1e+19
35.825625,257.9144,1531712.3,1,922.65061,1979.2949,0.00014595086,1.3421848,0,1e-08,2.3728803,3.8632126,1.9448395,54.458793,9.1169054,3.4898343,0,922.65061,0,4.7688326e+18,5.1686224e+15,0,1e+19
36.04275,257.91888,1531537,1,922.67258,1979.2953,0.00014591502,1.3423565,0,1e-08,2.3728391,3.8632839,1.9447805,54.454468,9.1179128,3.4897056,0,922.67258,0,4.7671313e+18,5.1666554e+15,0,1e+19
36.259875,257.92335,1531361.7,1,922.69455,1979.2957,0.00014587918,1.3425282,0,1e-08,2.372798,3.8633552,1.9447215,54.450144,9.1189206,3.489577,0,922.69455,0,4.7654305e+18,5.1646891e+15,0,1e+19
36.477,257.92782,1531186.4,1,922.71652,1979.2962,0.00014584334,1.3426999,0,1e-08,2.3727568,3.8634264,1.9446625,54.445822,9.1199279,3.4894483,0,922.71652,0,4.7637302e+18,5.1627235e+15,0,1e+19
36.694125,257.9323,1531011.2,1,922.73849,1979.2966,0.00014580749,1.3428717,0,1e-08,2.3727157,3.8634977,1.9446035,54.441502,9.1209357,3.4893197,0,922.73849,0,4.7620306e+18,5.1607586e+15,0,1e+19
36.91125,257.93677,1530836,1,922.76045,1979.297,0.00014577164,1.3430436,0,1e-08,2.3726745,3.863569,1.9445445,54.437183,9.121943,3.489191,0,922.76045,0,4.7603315e+18,5.1587944e+15,0,1e+19
37.128375,257.94124,1530660.8,1,922.78241,1979.2975,0.00014573578,1.3432155,0,1e-08,2.3726334,3.8636403,1.9444855,54.432865,9.1229507,3.4890625,0,922.78241,0,4.7586329e+18,5.156831e+15,0,1e+19
37.3455,257.94571,1530485.6,1,922.80438,1979.2979,0.00014569992,1.3433874,0,1e-08,2.3725923,3.8637115,1.9444266,54.428549,9.123958,3.4889338,0,922.80438,0,4.7569349e+18,5.1548682e+15,0,1e+19
37.562625,257.95017,1530310.4,1,922.82633,1979.2983,0.00014566406,1.3435594,0,1e-08,2.3725512,3.8637828,1.9443676,54.424235,9.1249656,3.4888053,0,922.82633,0,4.7552375e+18,5.1529062e+15,0,1e+19
37.77975,257.95464,1530135.3,1,922.84829,1979.2987,0.00014562819,1.3437314,0,1e-08,2.3725101,3.863854,1.9443086,54.419922,9.1259729,3.4886767,0,922.84829,0,4.7535407e+18,5.1509449e+15,0,1e+19
37.996875,257.95911,1529960.2,1,922.87025,1979.2992,0.00014559232,1.3439035,0,1e-08,2.3724691,3.8639253,1.9442497,54.415611,9.1269805,3.4885482,0,922.87025,0,4.7518444e+18,5.1489843e+15,0,1e+19
38.214,257.96357,1529785.2,1,922.8922,1979.2996,0.00014555645,1.3440756,0,1e-08,2.372428,3.8639966,1.9441908,54.411302,9.1279882,3.4884197,0,922.8922,0,4.7501487e+18,5.1470244e+15,0,1e+19
38.431125,257.96803,1529610.1,1,922.91415,1979.3,0.00014552057,1.3442477,0,1e-08,2.372387,3.8640679,1.9441318,54.406994,9.1289954,3.4882911,0,922.91415,0,4.7484535e+18,5.1450653e+15,0,1e+19
38.64825,257.97249,1529435.1,1,922.9361,1979.3004,0.00014548469,1.3444199,0,1e-08,2.3723459,3.8641392,1.9440729,54.402688,9.1300029,3.4881626,0,922.9361,0,4.7467589e+18,5.1431068e+15,0,1e+19
38.865375,257.97696,1529260.1,1,922.95805,1979.3008,0.00014544881,1.3445922,0,1e-08,2.3723049,3.8642105,1.944014,54.398383,9.1310105,3.4880342,0,922.95805,0,4.7450649e+18,5.1411491e+15,0,1e+19
39.0825,257.98142,1529085.2,1,922.98,1979.3012,0.00014541292,1.3447645,0,1e-08,2.3722639,3.8642818,1.9439551,54.39408,9.1320181,3.4879057,0,922.98,0,4.7433715e+18,5.1391921e+15,0,1e+19
39.299625,257.98587,1528910.2,1,923.00194,1979.3016,0.00014537703,1.3449368,0,1e-08,2.3722229,3.8643531,1.9438962,54.389778,9.1330256,3.4877773,0,923.00194,0,4.7416786e+18,5.1372357e+15,0,1e+19
39.51675,257.99033,1528735.3,1,923.02388,1979.302,0.00014534113,1.3451092,0,1e-08,2.3721819,3.8644244,1.9438373,54.385478,9.1340331,3.4876489,0,923.02388,0,4.7399862e+18,5.1352802e+15,0,1e+19
39.733875,257.99479,1528560.4,1,923.04582,1979.3024,0.00014530523,1.3452816,0,1e-08,2.3721409,3.8644957,1.9437784,54.38118,9.1350406,3.4875205,0,923.04582,0,4.7382945e+18,5.1333253e+15,0,1e+19
39.951,257.99924,1528385.6,1,923.06776,1979.3028,0.00014526933,1.3454541,0,1e-08,2.3721,3.864567,1.9437195,54.376883,9.1360481,3.4873921,0,923.06776,0,4.7366032e+18,5.1313711e+15,0,1e+19
40.168125,258.0037,1528210.8,1,923.0897,1979.3032,0.00014523343,1.3456266,0,1e-08,2.372059,3.8646382,1.9436606,54.372588,9.1370555,3.4872637,0,923.0897,0,4.7349126e+18,5.1294177e+15,0,1e+19
40.38525,258.00815,1528036,1,923.11163,1979.3036,0.00014519752,1.3457992,0,1e-08,2.3720181,3.8647095,1.9436018,54.368294,9.138063,3.4871353,0,923.11163,0,4.7332225e+18,5.1274649e+15,0,1e+19
40.602375,258.0126,1527861.2,1,923.13356,1979.304,0.0001451616,1.3459718,0,1e-08,2.3719772,3.8647808,1.9435429,54.364002,9.1390704,3.4870069,0,923.13356,0,4.731533e+18,5.1255129e+15,0,1e+19
40.8195,258.01705,1527686.4,1,923.15549,1979.3044,0.00014512569,1.3461444,0,1e-08,2.3719363,3.8648521,1.9434841,54.359711,9.1400778,3.4868786,0,923.15549,0,4.729844e+18,5.1235616e+15,0,1e+19
41.036625,258.0215,1527511.7,1,923.17742,1979.3048,0.00014508976,1.3463171,0,1e-08,2.3718953,3.8649234,1.9434252,54.355422,9.1410852,3.4867502,0,923.17742,0,4.7281556e+18,5.121611e+15,0,1e+19
41.25375,258.02595,1527337,1,923.19935,1979.3051,0.00014505384,1.3464899,0,1e-08,2.3718545,3.8649948,1.9433664,54.351135,9.1420929,3.486622,0,923.19935,0,4.7264678e+18,5.1196611e+15,0,1e+19
41.470875,258.0304,1527162.4,1,923.22127,1979.3055,0.00014501791,1.3466626,0,1e-08,2.3718136,3.8650661,1.9433076,54.346849,9.1431003,3.4864937,0,923.22127,0,4.7247805e+18,5.1177119e+15,0,1e+19
41.688,258.03484,1526987.7,1,923.2432,1979.3059,0.00014498198,1.3468355,0,1e-08,2.3717727,3.8651373,1.9432487,54.342565,9.1441076,3.4863654,0,923.2432,0,4.7230938e+18,5.1157635e+15,0,1e+19
41.905125,258.03929,1526813.1,1,923.26512,1979.3063,0.00014494605,1.3470084,0,1e-08,2.3717319,3.8652087,1.9431899,54.338282,9.1451153,3.4862372,0,923.26512,0,4.7214077e+18,5.1138157e+15,0,1e+19
42.12225,259.48141,1526638.5,1,923.09422,1989.8494,0.00014564014,1.3471813,0,1e-08,2.3585504,3.8616209,1.9411488,52.97405,9.1275909,3.478273,0,923.09422,0,4.719722e+18,5.1129363e+15,0,1e+19
42.339375,260.9316,1526463.9,1,922.92139,2000.4591,0.0001463327,1.3473543,0,1e-08,2.3454423,3.8580112,1.9390955,51.651367,9.1099679,3.4702688,0,922.92139,0,4.7180364e+18,5.1120674e+15,0,3.4152558e+14
42.5565,262.38989,1526289.3,1,922.74663,2011.1356,0.00014702371,1.3475275,0,1e-08,2.332407,3.8543795,1.9370301,50.368787,9.0922475,3.4622244,0,922.74663,0,4.7163509e+18,5.1112091e+15,0,3.4152558e+14
42.773625,263.85633,1526114.7,1,922.5699,2021.8794,0.00014771317,1.3477007,0,1e-08,2.3194441,3.850726,1.9349525,49.12492,9.0744308,3.4541397,0,922.5699,0,4.7146655e+18,5.1103613e+15,0,3.4152558e+14
42.99075,265.33096,1525940.1,1,922.39121,2032.6906,0.00014840109,1.3478741,0,1e-08,2.3065533,3.8470506,1.9328625,47.91843,9.0565185,3.4460142,0,922.39121,0,4.7129802e+18,5.1095242e+15,0,3.4152558e+14
43.207875,266.81384,1525765.4,1,922.21054,2043.5698,0.00014908746,1.3480476,0,1e-08,2.2937341,3.8433535,1.9307599,46.748031,9.0385122,3.4378478,0,922.21054,0,4.7112951e+18,5.1086979e+15,0,3.4152558e+14
43.425,268.305,1525590.8,0,1071.5841,3721.2449,0.00022516986,1.3480861,0,2.8771706,0.55,1.5105332,0,0,2.4458769,0,0,922.02788,0,2.1685591e+19,2.0236948e+16,0,0.001786
44.425,268.32015,1524898.5,0,1072.0185,3720.7205,0.0002279169,1.348688,0,2.8776579,0.55,1.5122606,0,0,2.4524525,0,0,0,0,2.1656251e+19,2.0201377e+16,0,0.001786
45.425,268.33548,1524206.9,0,1072.4528,3720.2233,0.0002306417,1.3492902,0,2.8781755,0.55,1.5140043,0,0,2.4590888,0,0,0,0,2.1626956e+19,2.0165882e+16,0,0.001786
46.425,268.35099,1523515.8,0,1072.8849,3719.7685,0.0002333384,1.3498928,0,2.8787233,0.55,1.5157668,0,0,2.4657887,0,0,0,0,2.1597708e+19,2.0130498e+16,0,0.001786
47.425,268.36668,1522825.4,0,1073.3158,3719.333,0.00023601104,1.3504957,0,2.8793008,0.55,1.5175333,0,0,2.4725082,0,0,0,0,2.1568507e+19,2.009521e+16,0,0.001786
48.425,268.38255,1522135.5,0,1073.7459,3718.9082,0.00023866107,1.351099,0,2.8799077,0.55,1.5192987,0,0,2.4792341,0,0,0,0,2.1539351e+19,2.0060008e+16,0,0.001786
49.425,268.39859,1521446.2,0,1074.1749,3718.5136,0.00024128459,1.3517026,0,2.8805436,0.55,1.5210759,0,0,2.4860055,0,0,0,0,2.1510241e+19,2.0024896e+16,0,0.001786
50.425,268.4148,1520757.4,0,1074.6027,3718.1548,0.00024388061,1.3523066,0,2.8812083,0.55,1.5228688,0,0,2.4928341,0,0,0,0,2.1481177e+19,1.9989879e+16,0,0.001786
51.425,268.43119,1520069.3,0,1075.0294,3717.8126,0.00024645339,1.3529109,0,2.8819012,0.55,1.524665,0,0,2.4996819,0,0,0,0,2.1452159e+19,1.9954951e+16,0,0.001786
52.425,268.44774,1519381.7,0,1075.4551,3717.4807,0.00024900406,1.3535155,0,2.8826222,0.55,1.5264607,0,0,2.5065364,0,0,0,0,2.1423186e+19,1.9920112e+16,0,0.001786
53.425,268.46446,1518694.8,0,1075.8797,3717.1776,0.00025152793,1.3541205,0,2.8833708,0.55,1.5282666,0,0,2.5134328,0,0,0,0,2.1394259e+19,1.9885363e+16,0,0.001786
54.425,268.48134,1518008.4,0,1076.3032,3716.9086,0.00025402382,1.3547258,0,2.8841468,0.55,1.5300862,0,0,2.5203817,0,0,0,0,2.1365377e+19,1.9850705e+16,0,0.001786
55.425,268.49839,1517322.5,0,1076.7256,3716.6546,0.00025649708,1.3553315,0,2.8849497,0.55,1.5319091,0,0,2.5273491,0,0,0,0,2.133654e+19,1.9816136e+16,0,0.001786
56.425,268.5156,1516637.3,0,1077.1469,3716.4093,0.00025894907,1.3559375,0,2.8857793,0.55,1.5337316,0,0,2.5343236,0,0,0,0,2.1307749e+19,1.9781655e+16,0,0.001786
57.425,268.53297,1515952.6,0,1077.5671,3716.1911,0.00026137376,1.3565439,0,2.8866351,0.55,1.5355628,0,0,2.5413353,0,0,0,0,2.1279002e+19,1.9747264e+16,0,0.001786
58.425,268.5505,1515268.5,0,1077.9862,3716.0055,0.00026376946,1.3571506,0,2.887517,0.55,1.5374057,0,0,2.5483946,0,0,0,0,2.1250301e+19,1.9712962e+16,0,0.001786
59.425,268.56818,1514585,0,1078.4043,3715.8337,0.0002661428,1.3577577,0,2.8884245,0.55,1.5392519,0,0,2.5554724,0,0,0,0,2.1221644e+19,1.9678746e+16,0,0.001786
60.425,268.58602,1513902,0,1078.8214,3715.669,0.00026849586,1.3583651,0,2.8893572,0.55,1.5410977,0,0,2.5625576,0,0,0,0,2.1193032e+19,1.9644616e+16,0,0.001786
61.425,268.60401,1513219.6,0,1079.2373,3715.5297,0.00027082197,1.3589729,0,2.890315,0.55,1.5429499,0,0,2.5696737,0,0,0,0,2.1164464e+19,1.9610575e+16,0,0.001786
62.425,268.62215,1512537.8,0,1079.6521,3715.4214,0.00027311905,1.3595811,0,2.8912974,0.55,1.544811,0,0,2.5768289,0,0,0,0,2.1135941e+19,1.9576622e+16,0,0.001786
63.425,268.64044,1511856.5,0,1080.0659,3715.3254,0.00027539419,1.3601896,0,2.8923041,0.55,1.5466747,0,0,2.5840011,0,0,0,0,2.1107463e+19,1.9542755e+16,0,0.001786
64.425,268.65888,1511175.8,0,1080.4787,3715.2353,0.00027764981,1.3607984,0,2.8933348,0.55,1.5485385,0,0,2.5911817,0,0,0,0,2.1079028e+19,1.9508972e+16,0,0.001786
65.425,268.67746,1510495.7,0,1080.8904,3715.1687,0.00027987903,1.3614077,0,2.8943892,0.55,1.5504077,0,0,2.5983903,0,0,0,0,2.1050638e+19,1.9475276e+16,0,0.001786
66.425,268.69618,1509816.1,0,1081.3009,3715.1316,0.00028207956,1.3620173,0,2.895467,0.55,1.5522843,0,0,2.6056341,0,0,0,0,2.1022292e+19,1.9441666e+16,0,0.001786
67.425,268.71505,1509137.1,0,1081.7104,3715.1058,0.0002842586,1.3626272,0,2.8965678,0.55,1.5541633,0,0,2.6128945,0,0,0,0,2.0993989e+19,1.9408142e+16,0,0.001786
68.425,268.73406,1508458.7,0,1082.1189,3715.0845,0.00028641879,1.3632375,0,2.8976913,0.55,1.5560426,0,0,2.6201637,0,0,0,0,2.0965731e+19,1.9374701e+16,0,0.001786
69.425,268.75321,1507780.8,0,1082.5264,3715.0849,0.00028855331,1.3638482,0,2.8988373,0.55,1.5579254,0,0,2.6274552,0,0,0,0,2.0937516e+19,1.9341345e+16,0,0.001786
70.425,268.77249,1507103.5,0,1082.9327,3715.1131,0.00029065975,1.3644592,0,2.9000054,0.55,1.5598131,0,0,2.6347747,0,0,0,0,2.0909345e+19,1.9308074e+16,0,0.001786
71.425,268.79191,1506426.7,0,1083.338,3715.1515,0.00029274512,1.3650706,0,2.9011953,0.55,1.5617028,0,0,2.6421095,0,0,0,0,2.0881217e+19,1.9274886e+16,0,0.001786
72.425,268.81146,1505750.5,0,1083.7424,3715.1934,0.00029481225,1.3656824,0,2.9024067,0.55,1.563593,0,0,2.649454,0,0,0,0,2.0853133e+19,1.9241781e+16,0,0.001786
73.425,268.83114,1505074.9,0,1084.1457,3715.2554,0.00029685482,1.3662945,0,2.9036393,0.55,1.5654856,0,0,2.656817,0,0,0,0,2.0825092e+19,1.9208758e+16,0,0.001786
74.425,268.85095,1504399.8,0,1084.5479,3715.3435,0.0002988705,1.366907,0,2.9048929,0.55,1.5673812,0,0,2.6642026,0,0,0,0,2.0797094e+19,1.9175819e+16,0,0.001786
75.425,268.87089,1503725.2,0,1084.9491,3715.4409,0.00030086567,1.3675199,0,2.9061671,0.55,1.5692785,0,0,2.6716027,0,0,0,0,2.076914e+19,1.9142961e+16,0,0.001786
76.425,268.89096,1503051.2,0,1085.3494,3715.5406,0.00030284305,1.3681332,0,2.9074616,0.55,1.5711765,0,0,2.6790127,0,0,0,0,2.0741228e+19,1.9110186e+16,0,0.001786
77.425,268.91115,1502377.8,0,1085.7485,3715.6587,0.00030479707,1.3687468,0,2.9087762,0.55,1.5730755,0,0,2.6864375,0,0,0,0,2.0713359e+19,1.9077492e+16,0,0.001786
78.425,268.93147,1501704.9,0,1086.1466,3715.8013,0.00030672555,1.3693608,0,2.9101105,0.55,1.5749758,0,0,2.6938792,0,0,0,0,2.0685533e+19,1.9044881e+16,0,0.001786
79.425,268.95191,1501032.5,0,1086.5438,3715.9521,0.0003086341,1.3699751,0,2.9114643,0.55,1.5768773,0,0,2.701334,0,0,0,0,2.065775e+19,1.9012349e+16,0,0.001786
80.425,268.97247,1500360.7,0,1086.94,3716.1044,0.00031052525,1.3705899,0,2.9128374,0.55,1.5787797,0,0,2.7087994,0,0,0,0,2.0630009e+19,1.8979897e+16,0,0.001786
81.425,268.99315,1499689.5,0,1087.3351,3716.2736,0.00031239442,1.371205,0,2.9142294,0.55,1.5806822,0,0,2.7162765,0,0,0,0,2.060231e+19,1.8947526e+16,0,0.001786
82.425,269.01394,1499018.8,0,1087.7291,3716.4656,0.00031423972,1.3718205,0,2.9156401,0.55,1.5825844,0,0,2.7237657,0,0,0,0,2.0574654e+19,1.8915237e+16,0,0.001786
83.425,269.03485,1498348.6,0,1088.1222,3716.665,0.00031606573,1.3724364,0,2.9170691,0.55,1.5844873,0,0,2.7312663,0,0,0,0,2.0547041e+19,1.8883027e+16,0,0.001786
84.425,269.05588,1497679,0,1088.5144,3716.8652,0.00031787465,1.3730526,0,2.9185163,0.55,1.5863912,0,0,2.738778,0,0,0,0,2.0519469e+19,1.8850893e+16,0,0.001786
85.425,269.07702,1497009.9,0,1088.9056,3717.0807,0.00031966288,1.3736693,0,2.9199814,0.55,1.5882953,0,0,2.7463016,0,0,0,0,2.049194e+19,1.8818839e+16,0,0.001786
86.425,269.09827,1496341.4,0,1089.2958,3717.3174,0.0003214289,1.3742863,0,2.9214642,0.55,1.5901993,0,0,2.7538375,0,0,0,0,2.0464452e+19,1.8786864e+16,0,0.001786
87.425,269.11963,1495673.4,0,1089.685,3717.5605,0.00032317634,1.3749037,0,2.9229643,0.55,1.5921037,0,0,2.7613842,0,0,0,0,2.0437007e+19,1.8754968e+16,0,0.001786
88.425,269.1411,1495005.9,0,1090.0732,3717.8036,0.00032490702,1.3755215,0,2.9244815,0.55,1.5940088,0,0,2.7689411,0,0,0,0,2.0409603e+19,1.8723149e+16,0,0.001786
89.425,269.16268,1494339,0,1090.4605,3718.0607,0.00032661809,1.3761396,0,2.9260156,0.55,1.5959139,0,0,2.7765091,0,0,0,0,2.0382241e+19,1.8691407e+16,0,0.001786
90.425,269.18436,1493672.6,0,1090.8468,3718.3377,0.00032830834,1.3767582,0,2.9275663,0.55,1.5978187,0,0,2.7840885,0,0,0,0,2.035492e+19,1.8659742e+16,0,0.001786
91.425,269.20615,1493006.7,0,1091.2321,3718.6203,0.00032998071,1.3773771,0,2.9291334,0.55,1.5997236,0,0,2.791678,0,0,0,0,2.0327641e+19,1.8628155e+16,0,0.001786
92.425,269.22804,1492341.4,0,1091.6165,3718.902,0.00033163671,1.3779965,0,2.9307167,0.55,1.6016291,0,0,2.799277,0,0,0,0,2.0300403e+19,1.8596644e+16,0,0.001786
93.425,269.25003,1491676.6,0,1091.9999,3719.1963,0.00033327405,1.3786162,0,2.9323159,0.55,1.6035345,0,0,2.806887,0,0,0,0,2.0273207e+19,1.8565209e+16,0,0.001786
94.425,269.27213,1491012.4,0,1092.3824,3719.5092,0.00033489174,1.3792363,0,2.9339307,0.55,1.6054395,0,0,2.8145085,0,0,0,0,2.0246052e+19,1.853385e+16,0,0.001786
95.425,269.29432,1490348.7,0,1092.764,3719.827,0.00033649221,1.3798568,0,2.935561,0.55,1.6073446,0,0,2.8221395,0,0,0,0,2.0218938e+19,1.8502566e+16,0,0.001786
96.425,269.31661,1489685.5,0,1093.1447,3720.1433,0.00033807672,1.3804777,0,2.9372065,0.55,1.60925,0,0,2.8297793,0,0,0,0,2.0191865e+19,1.8471357e+16,0,0.001786
97.425,269.339,1489022.8,0,1093.5243,3720.471,0.00033964343,1.381099,0,2.9388671,0.55,1.6111553,0,0,2.8374297,0,0,0,0,2.0164833e+19,1.8440223e+16,0,0.001786
98.425,269.36149,1488360.7,0,1093.9031,3720.8158,0.0003411915,1.3817206,0,2.9405423,0.55,1.6130603,0,0,2.8450915,0,0,0,0,2.0137842e+19,1.8409165e+16,0,0.001786
99.425,269.38407,1487699.1,0,1094.2808,3721.1648,0.00034272301,1.3823427,0,2.9422322,0.55,1.6149651,0,0,2.8527623,0,0,0,0,2.0110891e+19,1.8378181e+16,0,0.001786
100.425,269.40674,1487038,0,1094.6578,3721.512,0.00034423903,1.3829652,0,2.9439364,0.55,1.61687,0,0,2.8604412,0,0,0,0,2.0083982e+19,1.834727e+16,0,0.001786
101.425,269.42951,1486377.4,0,1095.0338,3721.8692,0.00034573797,1.383588,0,2.9456546,0.55,1.6187746,0,0,2.8681302,0,0,0,0,2.0057112e+19,1.8316433e+16,0,0.001786
102.425,269.45236,1485717.4,0,1095.4088,3722.2421,0.00034721912,1.3842113,0,2.9473868,0.55,1.6206788,0,0,2.8758302,0,0,0,0,2.0030284e+19,1.828567e+16,0,0.001786
103.425,269.47531,1485057.9,0,1095.7829,3722.6187,0.00034868428,1.3848349,0,2.9491327,0.55,1.6225827,0,0,2.8835386,0,0,0,0,2.0003495e+19,1.825498e+16,0,0.001786
104.425,269.49834,1484398.9,0,1096.1562,3722.9928,0.00035013444,1.385459,0,2.9508921,0.55,1.6244865,0,0,2.8912542,0,0,0,0,1.9976747e+19,1.8224362e+16,0,0.001786
105.425,269.52147,1483740.4,0,1096.5285,3723.376,0.00035156823,1.3860834,0,2.9526648,0.55,1.6263899,0,0,2.8989799,0,0,0,0,1.9950039e+19,1.8193817e+16,0,0.001786
106.425,269.54467,1483082.5,0,1096.9,3723.7738,0.00035298504,1.3867083,0,2.9544505,0.55,1.6282931,0,0,2.9067169,0,0,0,0,1.9923371e+19,1.8163343e+16,0,0.001786
107.425,269.56797,1482425,0,1097.2706,3724.1746,0.00035438643,1.3873335,0,2.9562491,0.55,1.6301958,0,0,2.9144618,0,0,0,0,1.9896744e+19,1.8132942e+16,0,0.001786
108.425,269.59135,1481768.1,0,1097.6402,3724.5724,0.00035577328,1.3879592,0,2.9580603,0.55,1.6320981,0,0,2.922213,0,0,0,0,1.9870156e+19,1.8102612e+16,0,0.001786
109.425,269.61481,1481111.7,0,1098.009,3724.9783,0.00035714452,1.3885853,0,2.9598841,0.55,1.6340002,0,0,2.9299742,0,0,0,0,1.9843608e+19,1.8072354e+16,0,0.001786
110.425,269.63835,1480455.9,0,1098.377,3725.3977,0.00035849962,1.3892117,0,2.9617201,0.55,1.6359019,0,0,2.937747,0,0,0,0,1.98171e+19,1.8042166e+16,0,0.001786
111.425,269.66197,1479800.5,0,1098.744,3725.8195,0.00035983988,1.3898386,0,2.9635683,0.55,1.6378032,0,0,2.9455272,0,0,0,0,1.9790631e+19,1.8012049e+16,0,0.001786
112.425,269.68568,1479145.7,0,1099.1101,3726.238,0.00036116607,1.3904659,0,2.9654283,0.55,1.6397038,0,0,2.9533129,0,0,0,0,1.9764202e+19,1.7982003e+16,0,0.001786
113.425,269.70946,1478491.3,0,1099.4754,3726.6636,0.00036247739,1.3910935,0,2.9673,0.55,1.6416041,0,0,2.9611083,0,0,0,0,1.9737813e+19,1.7952028e+16,0,0.001786
114.425,269.73332,1477837.5,0,1099.8398,3727.1016,0.00036377348,1.3917216,0,2.9691833,0.55,1.6435043,0,0,2.9689157,0,0,0,0,1.9711463e+19,1.7922121e+16,0,0.001786
115.425,269.75726,1477184.2,0,1100.2034,3727.5415,0.00036505528,1.3923501,0,2.9710779,0.55,1.6454038,0,0,2.9767302,0,0,0,0,1.9685152e+19,1.7892284e+16,0,0.001786
116.425,269.78127,1476531.4,0,1100.5661,3727.9778,0.00036632343,1.392979,0,2.9729836,0.55,1.6473025,0,0,2.9845493,0,0,0,0,1.9658881e+19,1.7862516e+16,0,0.001786
117.425,269.80535,1475879.1,0,1100.928,3728.4203,0.0003675775,1.3936084,0,2.9749004,0.55,1.6492009,0,0,2.9923781,0,0,0,0,1.9632649e+19,1.7832818e+16,0,0.001786
118.425,269.82952,1475227.3,0,1101.289,3728.8742,0.00036881729,1.3942381,0,2.976828,0.55,1.6510993,0,0,3.0002194,0,0,0,0,1.9606455e+19,1.7803188e+16,0,0.001786
119.425,269.85375,1474576.1,0,1101.6491,3729.3296,0.00037004339,1.3948682,0,2.9787662,0.55,1.652997,0,0,3.0080676,0,0,0,0,1.9580301e+19,1.7773627e+16,0,0.001786
120.425,269.87806,1473925.3,0,1102.0084,3729.7811,0.00037125623,1.3954988,0,2.9807148,0.55,1.6548936,0,0,3.0159196,0,0,0,0,1.9554186e+19,1.7744135e+16,0,0.001786
121.425,269.90243,1473275,0,1102.3668,3730.2379,0.00037245574,1.3961297,0,2.9826738,0.55,1.6567899,0,0,3.0237808,0,0,0,0,1.9528109e+19,1.7714711e+16,0,0.001786
122.425,269.92688,1472625.3,0,1102.7245,3730.7053,0.00037364192,1.3967611,0,2.9846428,0.55,1.658686,0,0,3.0316542,0,0,0,0,1.9502072e+19,1.7685353e+16,0,0.001786
123.425,269.95139,1471976,0,1103.0813,3731.1738,0.000374815,1.3973929,0,2.9866219,0.55,1.6605814,0,0,3.0395341,0,0,0,0,1.9476073e+19,1.7656063e+16,0,0.001786
124.425,269.97598,1471327.3,0,1103.4373,3731.6379,0.0003759752,1.3980251,0,2.9886107,0.55,1.6624756,0,0,3.0474172,0,0,0,0,1.9450112e+19,1.762684e+16,0,0.001786
125.425,270.00063,1470679.1,0,1103.7924,3732.1068,0.00037712272,1.3986578,0,2.9906091,0.55,1.6643691,0,0,3.0553088,0,0,0,0,1.942419e+19,1.7597684e+16,0,0.001786
126.425,270.02535,1470031.3,0,1104.1467,3732.5853,0.00037825772,1.3992908,0,2.9926171,0.55,1.6662625,0,0,3.0632117,0,0,0,0,1.9398307e+19,1.7568595e+16,0,0.001786
127.425,270.05013,1469384.1,0,1104.5003,3733.0645,0.00037938018,1.3999243,0,2.9946343,0.55,1.6681549,0,0,3.0711206,0,0,0,0,1.9372462e+19,1.7539572e+16,0,0.001786
128.425,270.07498,1468737.3,0,1104.853,3733.5393,0.00038049018,1.4005582,0,2.9966608,0.55,1.6700459,0,0,3.0790325,0,0,0,0,1.9346655e+19,1.7510615e+16,0,0.001786
129.425,270.09989,1468091.1,0,1105.2049,3734.018,0.00038158801,1.4011925,0,2.9986962,0.55,1.6719361,0,0,3.0869518,0,0,0,0,1.9320886e+19,1.7481724e+16,0,0.001786
130.425,270.12486,1467445.4,0,1105.5559,3734.5056,0.0003826739,1.4018272,0,3.0007405,0.55,1.6738257,0,0,3.0948813,0,0,0,0,1.9295155e+19,1.7452899e+16,0,0.001786
131.425,270.1499,1466800.1,0,1105.9062,3734.9936,0.0003837478,1.4024623,0,3.0027935,0.55,1.6757143,0,0,3.1028163,0,0,0,0,1.9269463e+19,1.7424139e+16,0,0.001786
132.425,270.175,1466155.4,0,1106.2556,3735.4769,0.00038480969,1.4030979,0,3.004855,0.55,1.6776014,0,0,3.1107536,0,0,0,0,1.9243808e+19,1.7395444e+16,0,0.001786
133.425,270.20016,1465511.1,0,1106.6043,3735.9636,0.0003858598,1.4037339,0,3.006925,0.55,1.6794874,0,0,3.1186973,0,0,0,0,1.9218191e+19,1.7366814e+16,0,0.001786
134.425,270.22538,1464867.3,0,1106.9522,3736.4585,0.00038689837,1.4043703,0,3.0090032,0.55,1.6813724,0,0,3.1266498,0,0,0,0,1.9192612e+19,1.7338248e+16,0,0.001786
135.425,270.25065,1464224.1,0,1107.2994,3736.9534,0.00038792542,1.4050072,0,3.0110895,0.55,1.6832562,0,0,3.1346072,0,0,0,0,1.9167071e+19,1.7309746e+16,0,0.001786
136.425,270.27599,1463581.3,0,1107.6457,3737.4433,0.00038894095,1.4056444,0,3.0131839,0.55,1.6851385,0,0,3.1425667,0,0,0,0,1.9141567e+19,1.7281309e+16,0,0.001786
137.425,270.30138,1462939,0,1107.9912,3737.936,0.00038994497,1.4062821,0,3.015286,0.55,1.6870194,0,0,3.1505316,0,0,0,0,1.9116101e+19,1.7252936e+16,0,0.001786
138.425,270.32683,1462297.2,0,1108.3359,3738.4363,0.0003909376,1.4069203,0,3.0173959,0.55,1.6888989,0,0,3.1585036,0,0,0,0,1.9090672e+19,1.7224626e+16,0,0.001786
139.425,270.35234,1461656,0,1108.6799,3738.9364,0.00039191911,1.4075588,0,3.0195134,0.55,1.6907769,0,0,3.1664797,0,0,0,0,1.9065281e+19,1.719638e+16,0,0.001786
140.425,270.3779,1461015.1,0,1109.0231,3739.4313,0.00039288965,1.4081978,0,3.0216382,0.55,1.6926535,0,0,3.1744579,0,0,0,0,1.9039927e+19,1.7168197e+16,0,0.001786
141.425,270.40351,1460374.8,0,1109.3655,3739.9284,0.00039384894,1.4088372,0,3.0237704,0.55,1.6945284,0,0,3.1824401,0,0,0,0,1.9014611e+19,1.7140077e+16,0,0.001786
142.425,270.42918,1459735,50,2957.2192,804.20207,2.9528007e-05,1.4094771,0,1e-16,4,5.7931837,2.7829553,100000,70.834164,23.611358,0,2957.2192,0,3.8401283e+20,1.2985606e+17,1e-10,1e+32
162.77414,286.46751,1454869.2,50,2964.0814,831.97635,3.0565249e-05,1.4069628,0,1e-16,4,5.7980806,2.7853142,100000,70.974179,23.658084,0,2964.0814,0,3.8233791e+20,1.2899035e+17,1e-10,1e+32
183.13434,299.17163,1450003.4,50,2957.2233,858.91176,3.1775089e-05,1.4042866,0,1e-16,4,5.8018621,2.7871253,100000,71.094011,23.698031,0,2957.2233,0,3.7890176e+20,1.2812755e+17,1e-10,1e+32
203.40902,310.17676,1445137.6,50,3015.5008,867.12499,2.8935876e-05,1.4016522,0,1e-16,4,5.8059821,2.7891016,100000,71.221671,23.740543,0,3015.5008,0,3.8377565e+20,1.2726763e+17,1e-10,1e+32
224.0447,320.40435,1440271.9,50,3013.6139,885.3194,2.9524104e-05,1.3987933,0,1e-16,4,5.8100324,2.7910543,100000,71.34842,23.782772,0,3013.6139,0,3.8095279e+20,1.2641062e+17,1e-10,1e+32
244.62565,330.22304,1435406.1,50,3014.1617,901.29043,2.9928727e-05,1.3959548,0,1e-16,4,5.8140743,2.7929873,100000,71.47571,23.825232,0,3014.1617,0,3.7844757e+20,1.2555649e+17,1e-10,1e+32
265.1688,339.82154,1430540.3,50,3015.3354,915.92504,3.0297859e-05,1.3931269,0,1e-16,4,5.8181522,2.7949477,100000,71.601333,23.867093,0,3015.3354,0,3.760282e+20,1.2470527e+17,1e-10,1e+32
285.67855,349.29549,1425674.5,50,3015.9969,929.68278,3.0620497e-05,1.3903072,0,1e-16,4,5.8193475,2.7955224,100000,71.646522,23.882171,0,3015.9969,0,3.7355213e+20,1.2385693e+17,1e-10,1e+32
306.15152,358.69205,1420808.7,50,3016.1731,942.72415,3.0901296e-05,1.3874981,0,1e-16,4,5.8208505,2.7962467,100000,71.687724,23.895923,0,3016.1731,0,3.7102396e+20,1.230115e+17,1e-10,1e+32
326.58456,368.03417,1415942.9,50,3017.0725,954.93833,3.1190852e-05,1.3847015,0,1e-16,4,5.8218023,2.7967043,100000,71.732623,23.910863,0,3017.0725,0,3.685926e+20,1.2216896e+17,1e-10,1e+32
346.98274,377.33442,1411077.2,50,3017.329,966.97352,3.1501955e-05,1.3819148,0,1e-16,4,5.827234,2.7993121,100000,71.87247,23.957485,0,3017.329,0,3.6609044e+20,1.2132931e+17,1e-10,1e+32
367.34184,386.59816,1406211.4,50,3027.4858,973.97478,3.1534541e-05,1.3791408,0,1e-16,4,5.7904657,2.7816518,100000,71.20722,23.735745,0,3027.4858,0,3.6478952e+20,1.2049256e+17,1e-10,1e+32
387.72871,395.84299,1401345.6,50,3031.3428,983.98699,3.1824238e-05,1.376339,0,1e-16,4,5.788256,2.7805879,100000,71.243722,23.747901,0,3031.3428,0,3.6272655e+20,1.196587e+17,1e-10,1e+32
408.10033,405.06818,1396479.8,50,3044.6618,991.68191,3.177166e-05,1.3735352,0,1e-16,4,5.7776609,2.7755005,100000,71.295013,23.765013,0,3044.6618,0,3.6179029e+20,1.1882774e+17,1e-10,1e+32
428.52003,414.28749,1391614,50,3056.6059,999.42033,3.1685718e-05,1.3706908,0,1e-16,4,5.7682803,2.7709901,100000,71.342648,23.780869,0,3056.6059,0,3.6067852e+20,1.1799968e+17,1e-10,1e+32
448.97763,423.50563,1386748.2,50,3065.3592,1007.7218,3.1585333e-05,1.3678111,0,1e-16,4,5.7603036,2.7671653,100000,71.34906,23.78299,0,3065.3592,0,3.5918197e+20,1.1717451e+17,1e-10,1e+32
469.45096,432.7201,1381882.5,50,3044.6695,1020.626,3.2172035e-05,1.3649091,0,1e-16,4,5.779544,2.7764046,100000,71.338951,23.779631,0,3044.6695,0,3.542541e+20,1.1635224e+17,1e-10,1e+32
489.74322,441.88588,1377016.7,50,3026.4227,1031.6092,3.2845499e-05,1.3621053,0,1e-16,4,5.7975741,2.7850657,100000,71.359301,23.786424,0,3026.4227,0,3.4965126e+20,1.1553286e+17,1e-10,1e+32
509.87268,450.98424,1372150.9,50,3033.6221,1038.9887,3.2777344e-05,1.3593904,0,1e-16,4,5.7917103,2.7822509,100000,71.382121,23.794005,0,3033.6221,0,3.4800613e+20,1.1471637e+17,1e-10,1e+32
530.01006,460.04339,1367285.1,50,3033.0293,1047.0491,3.2924745e-05,1.356661,0,1e-16,4,5.7931337,2.7829344,100000,71.403339,23.801117,0,3033.0293,0,3.4547049e+20,1.1390279e+17,1e-10,1e+32
550.10334,469.06603,1362419.3,50,3032.3597,1054.7833,3.3069174e-05,1.3539491,0,1e-16,4,5.7945142,2.7835966,100000,71.421838,23.807296,0,3032.3597,0,3.4293591e+20,1.1309209e+17,1e-10,1e+32
570.15229,478.05336,1357553.5,50,3032.7318,1062.1663,3.3166757e-05,1.3512551,0,1e-16,4,5.7946991,2.783685,100000,71.435015,23.811674,0,3032.7318,0,3.4052816e+20,1.122843e+17,1e-10,1e+32
590.16405,487.00754,1352687.8,50,3032.4397,1069.3647,3.327408e-05,1.3485751,0,1e-16,4,5.7952328,2.7839407,100000,71.44116,23.813679,0,3032.4397,0,3.3805454e+20,1.114794e+17,1e-10,1e+32
610.13446,495.92867,1347822,50,3032.3786,1076.2659,3.3379495e-05,1.3459119,0,1e-16,4,5.79609,2.7843522,100000,71.461141,23.820352,0,3032.3786,0,3.3561575e+20,1.1067739e+17,1e-10,1e+32
630.06529,504.81715,1342956.2,50,3032.6763,1082.8471,3.347519e-05,1.3432649,0,1e-16,4,5.7967736,2.7846836,100000,71.484964,23.828349,0,3032.6763,0,3.3322525e+20,1.0987828e+17,1e-10,1e+32
649.95914,513.67368,1338090.4,50,3032.6774,1089.285,3.3565037e-05,1.3406328,0,1e-16,4,5.7973556,2.7849641,100000,71.499464,23.833203,0,3032.6774,0,3.3081071e+20,1.0908206e+17,1e-10,1e+32
669.81428,522.4982,1333224.6,50,3032.6307,1095.5279,3.3651941e-05,1.3380171,0,1e-16,4,5.798011,2.785271,100000,71.514266,23.838085,0,3032.6307,0,3.2839976e+20,1.0828874e+17,1e-10,1e+32
689.63063,531.2906,1328358.8,50,3032.6042,1101.5758,3.3733025e-05,1.3354182,0,1e-16,4,5.7993722,2.7859307,100000,71.554343,23.851444,0,3032.6042,0,3.2599984e+20,1.0749832e+17,1e-10,1e+32
709.40859,540.05085,1323493.1,50,3032.4437,1107.4585,3.3810863e-05,1.3328363,0,1e-16,4,5.7994078,2.7859426,100000,71.544853,23.848292,0,3032.4437,0,3.2359445e+20,1.0671079e+17,1e-10,1e+32
729.14754,548.77877,1318627.3,50,3036.1699,1112.4451,3.3899346e-05,1.3302721,0,1e-16,4,5.7921434,2.7824564,100000,71.453324,23.817779,0,3036.1699,0,3.2160979e+20,1.0592615e+17,1e-10,1e+32
748.87298,557.47974,1313761.5,50,3044.8478,1116.5765,3.3994094e-05,1.32771,0,1e-16,4,5.7663903,2.7700819,100000,71.072494,23.69079,0,3044.8478,0,3.2014873e+20,1.0514441e+17,1e-10,1e+32
768.61698,566.16342,1308895.7,50,3050.411,1121.3149,3.4082659e-05,1.3251299,0,1e-16,4,5.7612054,2.767591,100000,71.022589,23.674174,0,3050.411,0,3.1835788e+20,1.0436557e+17,1e-10,1e+32
788.35888,574.83017,1304029.9,50,3054.7326,1126.1558,3.4220936e-05,1.3225445,0,1e-16,4,5.7536158,2.7639484,100000,70.936626,23.645542,0,3054.7326,0,3.1643859e+20,1.0358962e+17,1e-10,1e+32
808.09046,583.47841,1299164.1,50,3060.3912,1131.1244,3.4389391e-05,1.3199591,0,1e-16,4,5.742675,2.7586866,100000,70.797941,23.599272,0,3060.3912,0,3.1465891e+20,1.0281657e+17,1e-10,1e+32
827.82022,592.10912,1294298.4,50,3068.9753,1137.1628,3.4635753e-05,1.3173681,0,1e-16,4,5.7228365,2.7491613,100000,70.506909,23.502334,0,3068.9753,0,3.1317791e+20,1.0204641e+17,1e-10,1e+32
847.56677,600.72684,1289432.6,50,3074.4726,1146.3746,3.5181348e-05,1.3147599,0,1e-16,4,5.7123347,2.7441179,100000,70.374181,23.458058,0,3074.4726,0,3.1137996e+20,1.0127915e+17,1e-10,1e+32
867.3098,609.32946,1284566.8,50,3080.7619,1140.941,3.4531078e-05,1.312147,0,1e-16,4,5.7002961,2.7383334,100000,70.221261,23.407126,0,3080.7619,0,3.096621e+20,1.0051478e+17,1e-10,1e+32
887.05419,617.91696,1279701,50,3086.8739,1135.1226,3.3612279e-05,1.3095262,0,1e-16,4,5.6891556,2.732984,100000,70.085593,23.361841,0,3086.8739,0,3.0792588e+20,9.9753307e+16,1e-10,1e+32
906.79852,626.48903,1274835.2,50,3093.304,1160.4704,3.8181147e-05,1.3068984,0,1e-16,4,5.6796106,2.7283977,100000,69.995639,23.331879,0,3093.304,0,3.0622079e+20,9.899473e+16,1e-10,1e+32
926.54456,635.04588,1269969.4,50,3101.8557,1136.4665,3.2603082e-05,1.3042623,0,1e-16,4,5.6689557,2.7232726,100000,69.926709,23.308884,0,3101.8557,0,3.0472335e+20,9.8239049e+16,1e-10,1e+32
946.30555,643.59042,1265103.7,50,3102.6031,1144.4827,3.3287546e-05,1.3016094,0,1e-16,4,5.6681669,2.7228949,100000,69.924052,23.308007,0,3102.6031,0,3.0246118e+20,9.7486263e+16,1e-10,1e+32
966.03138,652.11347,1260237.9,50,3102.713,1148.5302,3.3293509e-05,1.2989716,0,1e-16,4,5.6687385,2.7231774,100000,69.940701,23.313563,0,3102.713,0,3.001452e+20,9.6736372e+16,1e-10,1e+32
985.71823,660.60952,1255372.1,50,3103.5693,1152.5157,3.3297358e-05,1.2963518,0,1e-16,4,5.6688076,2.7232045,100000,69.961702,23.320603,0,3103.5693,0,2.9790968e+20,9.5989377e+16,1e-10,1e+32
1005.3711,669.07683,1250506.3,50,3103.476,1156.5961,3.3330797e-05,1.2937472,0,1e-16,4,5.6696693,2.7236241,100000,69.980897,23.32696,0,3103.476,0,2.9559143e+20,9.5245277e+16,1e-10,1e+32
1024.9842,677.51323,1245640.5,50,3103.3203,1160.5987,3.3368033e-05,1.2911619,0,1e-16,4,5.6706004,2.7240642,100000,70.000431,23.333462,0,3103.3203,0,2.9327641e+20,9.4504072e+16,1e-10,1e+32
1044.5574,685.91756,1240774.7,50,3103.9359,1164.4315,3.3379398e-05,1.2885966,0,1e-16,4,5.6707805,2.7241509,100000,70.018665,23.339521,0,3103.9359,0,2.9104292e+20,9.3765763e+16,1e-10,1e+32
1064.0959,694.29026,1235909,50,3104.4058,1168.2094,3.3396709e-05,1.2860483,0,1e-16,4,5.6711793,2.724349,100000,70.039178,23.346391,0,3104.4058,0,2.8880396e+20,9.3030349e+16,1e-10,1e+32
1083.599,702.63134,1231043.2,50,3106.6235,1171.6177,3.336494e-05,1.283518,0,1e-16,4,5.6697626,2.7236646,100000,70.054193,23.351412,0,3106.6235,0,2.8673461e+20,9.229783e+16,1e-10,1e+32
1103.078,710.94313,1226177.4,50,3111.4854,1174.6667,3.3259457e-05,1.2809988,0,1e-16,4,5.6660964,2.721908,100000,70.073134,23.357678,0,3111.4854,0,2.8491314e+20,9.1568207e+16,1e-10,1e+32
1122.5494,719.23024,1221311.6,50,3117.8925,1177.234,3.3121841e-05,1.2784801,0,1e-16,4,5.6608237,2.7193693,100000,70.08683,23.362309,0,3117.8925,0,2.8323397e+20,9.0841479e+16,1e-10,1e+32
1142.0229,727.49694,1216445.8,50,3120.3543,1180.9544,3.3063651e-05,1.2759557,0,1e-16,4,5.659441,2.7187071,100000,70.107823,23.36926,0,3120.3543,0,2.8119899e+20,9.0117646e+16,1e-10,1e+32
1161.4736,735.7402,1211580,50,3125.3616,1183.7323,3.2966418e-05,1.273442,0,1e-16,4,5.6556018,2.7168636,100000,70.125064,23.375052,0,3125.3616,0,2.7939704e+20,8.9396709e+16,1e-10,1e+32
1180.9175,743.96174,1206714.3,50,3126.4058,1187.5637,3.2954899e-05,1.2709287,0,1e-16,4,5.6555969,2.7168553,100000,70.14846,23.38285,0,3126.4058,0,2.772455e+20,8.8678667e+16,1e-10,1e+32
1200.3297,752.15727,1201848.5,50,3135.1491,1190.3007,3.2740468e-05,1.2684323,0,1e-16,4,5.648448,2.7134257,100000,70.166953,23.388972,0,3135.1491,0,2.7577876e+20,8.7963521e+16,1e-10,1e+32
1219.7584,760.33453,1196982.7,50,3137.6023,1193.9055,3.2693984e-05,1.2659216,0,1e-16,4,5.6467159,2.712592,100000,70.178707,23.392923,0,3137.6023,0,2.7375979e+20,8.7251269e+16,1e-10,1e+32
1239.1641,768.48926,1192116.9,50,3142.5746,1197.9071,3.2567305e-05,1.2634223,0,1e-16,4,5.643392,2.7109991,100000,70.207124,23.402332,0,3142.5746,0,2.7196442e+20,8.6541913e+16,1e-10,1e+32
1258.5624,776.62249,1187251.1,50,3145.3228,1201.7847,3.2520258e-05,1.2609244,0,1e-16,4,5.6417638,2.7102115,90961.951,70.227968,23.409356,0,3145.3228,0,2.6998021e+20,8.5835453e+16,1e-10,1e+32
1277.9397,784.73188,1182385.3,50,3149.5194,1205.4753,3.2454945e-05,1.2584372,0,1e-16,4,5.6413536,2.710019,81795.822,70.312309,23.437429,0,3149.5194,0,2.6812453e+20,8.5131887e+16,1e-10,1e+32
1297.3049,792.81804,1177519.6,50,3149.8363,1212.599,3.2370727e-05,1.2559551,0,1e-16,4,5.633771,2.7063713,73735.853,70.127885,23.375927,0,3149.8363,0,2.6594451e+20,8.4431217e+16,1e-10,1e+32
1316.6342,800.87636,1172653.8,50,3201.0273,1183.6197,3.2445876e-05,1.2534942,0,1e-16,4,5.7150052,2.7453966,66632.498,73.335453,24.445168,0,3201.0273,0,2.6803303e+20,8.3733443e+16,1e-10,1e+32
1336.2395,808.96843,1167788,50,3231.9863,1178.8327,3.2053805e-05,1.2508463,0,1e-16,4,5.7241694,2.7498034,60318.941,74.287481,24.762515,0,3231.9863,0,2.683795e+20,8.3038563e+16,1e-10,1e+32
1355.9929,817.09933,1162922.2,50,3256.5073,1175.7877,3.1794544e-05,1.2480931,0,1e-16,4,5.734962,2.754983,54687.021,75.133119,25.044384,0,3256.5073,0,2.6816223e+20,8.2346579e+16,1e-10,1e+32
1375.8527,825.26326,1158056.4,50,3283.5777,1173.4137,3.1518144e-05,1.2452601,0,1e-16,4,5.7481025,2.7612969,49657.288,76.104886,25.368293,0,3283.5777,0,2.6812871e+20,8.1657491e+16,1e-10,1e+32
1395.8325,833.46022,1153190.6,50,3287.6979,1181.8459,3.1493188e-05,1.2423365,0,1e-16,4,5.7541799,2.7642207,45158.564,76.36123,25.453755,0,3287.6979,0,2.6620916e+20,8.0971297e+16,1e-10,1e+32
1415.7908,841.66156,1148324.9,50,3305.5124,1221.0788,3.2058254e-05,1.2394156,0,1e-16,4,5.8197404,2.7957149,41139.094,78.532873,26.177678,0,3305.5124,0,2.6539298e+20,8.0287999e+16,1e-10,1e+32
1435.8104,849.86971,1143459.1,50,3370.4098,1131.6108,3.3843329e-05,1.2364416,0,1e-16,4,6.0802821,2.9208687,37542.381,87.40336,29.134496,0,3370.4098,0,2.6831023e+20,7.9607596e+16,1e-10,1e+32
1456.1744,858.14337,1138593.3,50,3453.6238,1136.074,3.5933545e-05,1.2332211,0,1e-16,4,6.4399949,3.0936744,34300.036,100.47227,33.490656,0,3453.6238,0,2.7259484e+20,7.8930089e+16,1e-10,1e+32
1476.9872,866.5337,1133727.5,50,3499.4202,1133.2092,3.7069991e-05,1.2296773,0,1e-16,4,6.6711096,3.2046956,31356.205,109.24837,36.416277,0,3499.4202,0,2.738488e+20,7.8255477e+16,1e-10,1e+32
1498.0159,875.02005,1128861.7,50,3502.87,1132.8734,3.7002035e-05,1.2259608,0,1e-16,4,6.6734115,3.2058048,28684.376,109.42956,36.476454,0,3502.87,0,2.7176583e+20,7.758376e+16,1e-10,1e+32
1519.002,883.54038,1123995.9,50,3498.5367,1137.0579,3.7114591e-05,1.2222437,0,1e-16,4,6.6661266,3.2023073,26272.578,109.05624,36.351947,0,3498.5367,0,2.6908974e+20,7.6914939e+16,1e-10,1e+32
1539.899,892.05411,1119130.2,50,3498.1562,1139.1657,3.7152099e-05,1.2185581,0,1e-16,4,6.6654805,3.201995,24103.452,109.02221,36.340637,0,3498.1562,0,2.6673096e+20,7.6249013e+16,1e-10,1e+32
1560.7311,900.54566,1114264.4,50,3516.5499,1131.5762,3.6863538e-05,1.2148881,0,1e-16,4,6.6974126,3.2173363,22153.469,110.65172,36.88382,0,3516.5499,0,2.6580188e+20,7.5585982e+16,1e-10,1e+32
1581.6101,909.02961,1109398.6,50,3502.5698,1140.6161,3.7132987e-05,1.211157,0,1e-16,4,6.6729859,3.2055977,20395.288,109.40408,36.468009,0,3502.5698,0,2.6243301e+20,7.4925847e+16,1e-10,1e+32
1602.3426,917.47462,1104532.8,50,3519.5327,1133.6248,3.6869189e-05,1.2074972,0,1e-16,4,6.7025553,3.2197999,18811.049,110.91027,36.970219,0,3519.5327,0,2.6139079e+20,7.4268607e+16,1e-10,1e+32
1623.1129,925.90172,1099667,50,3505.5323,1142.6597,3.7138033e-05,1.2037825,0,1e-16,4,6.6783545,3.2081817,17378.958,109.67773,36.559152,0,3505.5323,0,2.5805717e+20,7.3614262e+16,1e-10,1e+32
1643.7374,934.28481,1094801.2,50,3504.0793,1145.1371,3.7187224e-05,1.2001396,0,1e-16,4,6.6771933,3.2076222,16084.415,109.61871,36.539533,0,3504.0793,0,2.5566748e+20,7.2962813e+16,1e-10,1e+32
1664.2914,942.62564,1089935.5,50,3536.8787,1129.6839,3.6666185e-05,1.1965177,0,1e-16,4,6.7286618,3.2323407,14912.434,112.233,37.410993,0,3536.8787,0,2.5576676e+20,7.2314259e+16,1e-10,1e+32
1684.9756,950.9651,1085069.7,50,3539.5933,1129.8662,3.665184e-05,1.1927768,0,1e-16,4,6.7449919,3.2401908,13845.35,113.06692,37.689166,0,3539.5933,0,2.536777e+20,7.16686e+16,1e-10,1e+32
1705.6113,959.2884,1080203.9,50,3543.5708,1129.3885,3.6603542e-05,1.1890393,0,1e-16,4,6.7460732,3.2407082,12872.602,113.12211,37.707184,0,3543.5708,0,2.5168508e+20,7.1025837e+16,1e-10,1e+32
1726.2059,967.58958,1075338.1,50,3532.5594,1136.6659,3.6812665e-05,1.1853001,0,1e-16,4,6.7265042,3.231311,11985.265,112.11787,37.372739,0,3532.5594,0,2.4864261e+20,7.0385969e+16,1e-10,1e+32
1746.6724,975.84831,1070472.3,50,3535.0149,1136.9051,3.679478e-05,1.1816208,0,1e-16,4,6.7310855,3.2335049,11176.163,112.35148,37.450623,0,3535.0149,0,2.4656374e+20,6.9748996e+16,1e-10,1e+32
1767.09,984.06994,1065606.5,50,3525.7755,1143.2243,3.697568e-05,1.1779469,0,1e-16,4,6.7146136,3.2255951,10437.153,111.50904,37.169614,0,3525.7755,0,2.4368368e+20,6.9114919e+16,1e-10,1e+32
1787.3913,992.24381,1060740.8,50,3522.2789,1146.5609,3.7047765e-05,1.1743265,0,1e-16,4,6.7081026,3.2224696,9761.6156,111.18291,37.061036,0,3522.2789,0,2.4121882e+20,6.8483736e+16,1e-10,1e+32
1807.6105,1000.3712,1055875,50,3525.6167,1146.2259,3.7010622e-05,1.1707367,0,1e-16,4,6.7140848,3.2253436,9143.1684,111.48687,37.162267,0,3525.6167,0,2.392323e+20,6.785545e+16,1e-10,1e+32
1827.7875,1008.4604,1051009.2,50,3541.99,1138.9809,3.6762158e-05,1.1671499,0,1e-16,4,6.7440163,3.2397237,8575.6063,113.00565,37.668698,0,3541.99,0,2.381282e+20,6.7230058e+16,1e-10,1e+32
1847.9965,1016.5303,1046143.4,50,3545.4259,1138.5033,3.6730056e-05,1.163513,0,1e-16,4,6.7505094,3.2428442,8052.9212,113.33238,37.777515,0,3545.4259,0,2.3615217e+20,6.6607562e+16,1e-10,1e+32
1868.1625,1024.5758,1041277.6,50,3542.212,1141.474,3.6809475e-05,1.1598785,0,1e-16,4,6.7449802,3.2401819,7570.9068,113.04421,37.681266,0,3542.212,0,2.3374335e+20,6.5987962e+16,1e-10,1e+32
1888.2478,1032.5868,1036411.8,50,3552.2815,1137.547,3.6646247e-05,1.156274,0,1e-16,4,6.7631429,3.2489076,7126.2928,113.97745,37.992572,0,3552.2815,0,2.3221711e+20,6.5371256e+16,1e-10,1e+32
1908.328,1040.5729,1031546.1,50,3556.5688,1136.543,3.6597424e-05,1.1526454,0,1e-16,4,6.7713645,3.2528588,6715.3649,114.39305,38.130923,0,3556.5688,0,2.3031431e+20,6.4757446e+16,1e-10,1e+32
1928.3698,1048.5326,1026680.3,50,3559.6741,1136.1785,3.6554378e-05,1.1490163,0,1e-16,4,6.7770136,3.2555747,6335.043,114.68425,38.228022,0,3559.6741,0,2.2834075e+20,6.4146531e+16,1e-10,1e+32
1948.3663,1056.4638,1021814.5,50,3562.4115,1135.9495,3.6526415e-05,1.1453919,0,1e-16,4,6.7823207,3.2581235,5982.7006,114.95263,38.317537,0,3562.4115,0,2.2635033e+20,6.3538512e+16,1e-10,1e+32
1968.3156,1064.3648,1016948.7,50,3569.4092,1133.4824,3.6421299e-05,1.1417737,0,1e-16,4,6.7954265,3.264417,5655.9488,115.62373,38.541165,0,3569.4092,0,2.2463501e+20,6.2933388e+16,1e-10,1e+32
1988.2414,1072.2397,1012082.9,50,3571.8034,1133.3948,3.6395849e-05,1.1381446,0,1e-16,4,6.8000244,3.2666241,5352.4697,115.85703,38.618995,0,3571.8034,0,2.2263465e+20,6.2331159e+16,1e-10,1e+32
2008.1176,1080.0851,1007217.1,50,3573.5309,1133.6565,3.6378045e-05,1.1345234,0,1e-16,4,6.8033026,3.2682011,5070.3341,116.0254,38.675044,0,3573.5309,0,2.2060058e+20,6.1731826e+16,1e-10,1e+32
2027.9407,1087.8989,1002351.4,50,3577.6922,1132.5928,3.6324496e-05,1.1309133,0,1e-16,4,6.8113733,3.272081,4807.8256,116.436,38.812092,0,3577.6922,0,2.187236e+20,6.1135387e+16,1e-10,1e+32
2047.7241,1095.6825,997485.58,50,3583.918,1130.4362,3.6234185e-05,1.1273044,0,1e-16,4,6.8234055,3.2778611,4563.2895,117.05105,39.01714,0,3583.918,0,2.1697701e+20,6.0541845e+16,1e-10,1e+32
2067.4792,1103.4386,992619.8,50,3583.4978,1131.71,3.6260582e-05,1.1236885,0,1e-16,4,6.8229673,3.2776484,4335.1756,117.02213,39.007434,0,3583.4978,0,2.1483498e+20,5.9951197e+16,1e-10,1e+20
2087.1691,1111.1618,987754.01,50,3587.7212,1130.5361,3.6212475e-05,1.120093,0,1e-16,4,6.831559,3.2817794,4122.2553,117.45638,39.152073,0,3587.7212,0,2.1297949e+20,5.9363445e+16,1e-10,1e+20
2106.8196,1118.8539,982888.23,50,3592.7987,1128.9112,3.6144599e-05,1.1164991,0,1e-16,4,6.8417391,3.286662,3923.3052,117.97245,39.324272,0,3592.7987,0,2.1117963e+20,5.8778588e+16,1e-10,1e+20
2126.4353,1126.5169,978022.45,50,3592.1567,1130.2441,3.6173393e-05,1.1129038,0,1e-16,4,6.8410449,3.2863352,3737.1745,117.92753,39.309175,0,3592.1567,0,2.0905141e+20,5.8196627e+16,1e-10,1e+20
2145.9848,1134.1458,973156.66,50,3591.9681,1131.3267,3.6194138e-05,1.1093304,0,1e-16,4,6.8412134,3.2864141,3562.9412,117.9277,39.309123,0,3591.9681,0,2.0696044e+20,5.7617561e+16,1e-10,1e+20
2165.4709,1141.7383,968290.88,50,3591.6388,1132.4627,3.6217648e-05,1.1057777,0,1e-16,4,6.841099,3.2863553,3399.7445,117.91199,39.304082,0,3591.6388,0,2.0487207e+20,5.704139e+16,1e-10,1e+20
2184.8934,1149.2934,963425.1,50,3591.2809,1133.5995,3.624124e-05,1.1022465,0,1e-16,4,6.8409801,3.2863036,3246.7648,117.89706,39.298944,0,3591.2809,0,2.0279286e+20,5.6468115e+16,1e-10,1e+20
2204.2525,1156.8105,958559.31,50,3590.9437,1134.706,3.6264836e-05,1.0987375,0,1e-16,4,6.840857,3.2862401,3103.2396,117.88096,39.293729,0,3590.9437,0,2.0072561e+20,5.5897734e+16,1e-10,1e+20
2223.5485,1164.2892,953693.53,50,3590.5929,1135.8007,3.6287921e-05,1.095251,0,1e-16,4,6.8407465,3.2861877,2968.4652,117.86651,39.288817,0,3590.5929,0,1.986684e+20,5.533025e+16,1e-10,1e+20
2242.782,1171.7293,948827.75,50,3590.2569,1136.8754,3.6310633e-05,1.0917875,0,1e-16,4,6.8406672,3.2861494,2841.7954,117.85215,39.284095,0,3590.2569,0,1.9662279e+20,5.476566e+16,1e-10,1e+20
2261.9534,1179.1309,943961.96,50,3589.9201,1137.9342,3.633307e-05,1.0883473,0,1e-16,4,6.8405892,3.2861152,2722.6378,117.8387,39.279527,0,3589.9201,0,1.9458791e+20,5.4203966e+16,1e-10,1e+20
2281.0631,1186.4939,939096.18,50,3589.5877,1138.9715,3.6355337e-05,1.0849311,0,1e-16,4,6.8405018,3.286071,2610.4495,117.82494,39.274864,0,3589.5877,0,1.9256404e+20,5.3645167e+16,1e-10,1e+20
2300.1115,1193.8182,934230.4,50,3589.2596,1139.9929,3.637726e-05,1.0815392,0,1e-16,4,6.8404243,3.2860372,2504.733,117.81116,39.270464,0,3589.2596,0,1.9055115e+20,5.3089264e+16,1e-10,1e+20
2319.0992,1201.1039,929364.61,50,3588.9277,1140.9984,3.6399132e-05,1.078172,0,1e-16,4,6.8403411,3.2859939,2405.0321,117.79769,39.265896,0,3588.9277,0,1.8854882e+20,5.2536256e+16,1e-10,1e+20
2338.0265,1208.3511,924498.83,50,3588.5994,1141.9856,3.6420597e-05,1.0748302,0,1e-16,4,6.8402659,3.2859588,2310.9281,117.78453,39.261479,0,3588.5994,0,1.8655744e+20,5.1986143e+16,1e-10,1e+20
2356.894,1215.5596,919633.05,50,3588.2808,1142.9606,3.6441209e-05,1.0715143,0,1e-16,4,6.8402622,3.285957,2222.0362,117.77371,39.2579,0,3588.2808,0,1.8457731e+20,5.1438925e+16,1e-10,1e+20
2375.7021,1222.7296,914767.26,50,3587.9675,1143.9167,3.6462185e-05,1.0682247,0,1e-16,4,6.8402323,3.285945,2138.0025,117.76217,39.254054,0,3587.9675,0,1.8260818e+20,5.0894603e+16,1e-10,1e+20
2394.4513,1229.861,909901.48,50,3587.6568,1144.9024,3.6479393e-05,1.064962,0,1e-16,4,6.8407931,3.2862108,2058.5013,117.77126,39.257138,0,3587.6568,0,1.8064992e+20,5.0353176e+16,1e-10,1e+20
2413.1423,1236.9538,905035.7,50,3587.3306,1145.7838,3.6503051e-05,1.0617267,0,1e-16,4,6.8401478,3.2859014,1983.2321,117.73807,39.246157,0,3587.3306,0,1.787016e+20,4.9814645e+16,1e-10,1e+20
2431.7752,1244.0081,900169.91,50,3587.0224,1146.6812,3.6524252e-05,1.0585195,0,1e-16,4,6.839956,3.2858115,1911.9184,117.72179,39.240579,0,3587.0224,0,1.7676491e+20,4.9279009e+16,1e-10,1e+20
2450.3509,1251.0239,895304.13,50,3586.716,1147.6181,3.6541849e-05,1.0553409,0,1e-16,4,6.8404833,3.2860609,1844.3043,117.72972,39.243211,0,3586.716,0,1.7483902e+20,4.8746268e+16,1e-10,1e+20
2468.8697,1258.0011,890438.35,50,3586.4072,1148.4998,3.6562505e-05,1.0521915,0,1e-16,4,6.8404381,3.2860348,1780.1537,117.71735,39.239301,0,3586.4072,0,1.7292372e+20,4.8216422e+16,1e-10,1e+20
2487.3322,1264.9398,885572.56,50,3586.1056,1149.3803,3.6580464e-05,1.0490719,0,1e-16,4,6.8406137,3.2861301,1719.2479,117.71445,39.238129,0,3586.1056,0,1.7101948e+20,4.7689472e+16,1e-10,1e+20
2505.739,1271.84,880706.78,50,3585.8159,1150.2111,3.6599413e-05,1.0459828,0,1e-16,4,6.8404032,3.2860222,1661.3847,117.69742,39.232441,0,3585.8159,0,1.691265e+20,4.7165417e+16,1e-10,1e+20
2524.0907,1278.7018,875841,50,3585.5124,1151.0423,3.6618947e-05,1.0429247,0,1e-16,4,6.8402597,3.2859518,1606.3764,117.68248,39.227511,0,3585.5124,0,1.6724357e+20,4.6644258e+16,1e-10,1e+20
2542.3878,1285.5251,870975.21,50,3585.2249,1151.8539,3.6637627e-05,1.0398985,0,1e-16,4,6.840135,3.2858952,1554.0493,117.6687,39.223038,0,3585.2249,0,1.6537206e+20,4.6125994e+16,1e-10,1e+20
2560.6308,1292.3099,866109.43,50,3584.9263,1152.7237,3.665461e-05,1.0369047,0,1e-16,4,6.8408428,3.2862341,1504.2418,117.68298,39.227779,0,3584.9263,0,1.6351073e+20,4.5610625e+16,1e-10,1e+20
2578.8204,1299.0562,861243.65,50,3584.6409,1153.4865,3.6674246e-05,1.0339442,0,1e-16,4,6.8404675,3.2860523,1456.8041,117.66155,39.220509,0,3584.6409,0,1.6166068e+20,4.5098151e+16,1e-10,1e+20
2596.9572,1305.7641,856377.86,50,3584.3477,1154.2719,3.6693935e-05,1.0310175,0,1e-16,4,6.8403478,3.2859962,1411.5967,117.64705,39.215695,0,3584.3477,0,1.5982095e+20,4.4588573e+16,1e-10,1e+20
2615.0418,1312.4336,851512.08,50,3584.0737,1155.0248,3.6711804e-05,1.0281256,0,1e-16,4,6.8402174,3.2859331,1368.4899,117.63395,39.21125,0,3584.0737,0,1.5799274e+20,4.408189e+16,1e-10,1e+20
2633.0749,1319.0647,846646.3,50,3583.7913,1155.7982,3.672883e-05,1.025269,0,1e-16,4,6.8404085,3.2860211,1327.3628,117.63141,39.2104,0,3583.7913,0,1.5617483e+20,4.3578103e+16,1e-10,1e+20
2651.057,1325.6573,841780.51,50,3583.5109,1156.5481,3.6746599e-05,1.0224488,0,1e-16,4,6.840447,3.2860438,1288.1029,117.62323,39.207807,0,3583.5109,0,1.5436766e+20,4.3077211e+16,1e-10,1e+20
2668.9889,1332.2116,836914.73,50,3583.2477,1157.308,3.6762162e-05,1.0196656,0,1e-16,4,6.8408298,3.2862263,1250.6051,117.62752,39.209211,0,3583.2477,0,1.5257187e+20,4.2579214e+16,1e-10,1e+20
2686.8712,1338.7275,832048.95,50,3582.978,1158.0435,3.6778302e-05,1.0169203,0,1e-16,4,6.8410328,3.2863241,1214.7713,117.62621,39.208618,0,3582.978,0,1.5078645e+20,4.2084112e+16,1e-10,1e+20
2704.7047,1345.205,827183.16,50,3582.7091,1158.7432,3.679616e-05,1.0142137,0,1e-16,4,6.8409245,3.2862745,1180.5101,117.61376,39.204451,0,3582.7091,0,1.490117e+20,4.1591906e+16,1e-10,1e+20
2722.49,1351.6441,822317.38,50,3582.4432,1159.4395,3.6812915e-05,1.0115468,0,1e-16,4,6.8409221,3.286273,1147.7357,117.60492,39.201487,0,3582.4432,0,1.4724771e+20,4.1102595e+16,1e-10,1e+20
2740.2278,1358.0449,817451.6,50,3582.1847,1160.1531,3.6827732e-05,1.0089205,0,1e-16,4,6.8413201,3.2864624,1116.3683,117.61003,39.203266,0,3582.1847,0,1.4549466e+20,4.061618e+16,1e-10,1e+20
2757.919,1364.4074,812585.81,50,3581.9289,1160.7986,3.6844682e-05,1.0063358,0,1e-16,4,6.8409936,3.2863057,1086.3328,117.58994,39.196791,0,3581.9289,0,1.4375233e+20,4.013266e+16,1e-10,1e+20
2775.5641,1370.7315,807720.03,50,3581.6922,1161.5369,3.6855103e-05,1.0037936,0,1e-16,4,6.842061,3.2868197,1057.559,117.61953,39.206388,0,3581.6922,0,1.4202138e+20,3.9652035e+16,1e-10,1e+20
2793.1642,1377.0174,802854.25,50,3581.4282,1162.1533,3.6874902e-05,1.0012948,0,1e-16,4,6.841569,3.286581,1029.9813,117.59361,39.1979,0,3581.4282,0,1.4029996e+20,3.9174305e+16,1e-10,1e+20
2810.7199,1383.2649,797988.46,50,3581.1769,1162.7994,3.6890511e-05,0.99884062,0,1e-16,4,6.8416595,3.2866263,1003.5378,117.58823,39.196224,0,3581.1769,0,1.3858965e+20,3.8699471e+16,1e-10,1e+20
2828.2319,1389.4741,793122.68,50,3580.9233,1163.4205,3.6908011e-05,0.9964321,0,1e-16,4,6.8415617,3.2865788,978.17072,117.57707,39.192231,0,3580.9233,0,1.3688986e+20,3.8227532e+16,1e-10,1e+20
2845.7011,1395.6451,788256.9,50,3580.6964,1164.0412,3.6922582e-05,0.99407036,0,1e-16,4,6.8416841,3.2866435,953.82574,117.5733,39.191064,0,3580.6964,0,1.3520168e+20,3.7758488e+16,1e-10,1e+20
2863.1285,1401.7778,783391.11,50,3580.4567,1164.6472,3.6937349e-05,0.99175644,0,1e-16,4,6.841668,3.2866269,930.45172,117.56476,39.188388,0,3580.4567,0,1.3352361e+20,3.729234e+16,1e-10,1e+20
2880.5148,1407.8722,778525.33,50,3580.2264,1165.2549,3.695136e-05,0.98949159,0,1e-16,4,6.8418681,3.2867243,908.00061,117.56389,39.188034,0,3580.2264,0,1.3185647e+20,3.6829087e+16,1e-10,1e+20
2897.861,1413.9283,773659.55,50,3580.001,1165.8555,3.6965084e-05,0.98727698,0,1e-16,4,6.8420924,3.2868344,886.42725,117.56438,39.188264,0,3580.001,0,1.3020009e+20,3.636873e+16,1e-10,1e+20
2915.168,1419.9463,768793.76,50,3579.775,1166.4519,3.6977867e-05,0.98511386,0,1e-16,4,6.8423913,3.2869784,865.68907,117.56744,39.189202,0,3579.775,0,1.2855426e+20,3.5911268e+16,1e-10,1e+20
2932.4366,1425.926,763927.98,50,3579.56,1167.0416,3.699021e-05,0.98300354,0,1e-16,4,6.8427795,3.2871677,845.74605,117.57349,39.191277,0,3579.56,0,1.2691939e+20,3.5456701e+16,1e-10,1e+20
2949.6679,1431.8675,759062.2,50,3579.3435,1167.6036,3.7003557e-05,0.98094732,0,1e-16,4,6.842893,3.2872191,826.56041,117.57044,39.190179,0,3579.3435,0,1.2529502e+20,3.5005029e+16,1e-10,1e+20
2966.8629,1437.7708,754196.41,50,3579.127,1168.1716,3.7016322e-05,0.97894659,0,1e-16,4,6.84322,3.287375,808.09657,117.57494,39.191586,0,3579.127,0,1.2368122e+20,3.4556253e+16,1e-10,1e+20
2984.0224,1443.6359,749330.63,50,3578.9139,1168.7251,3.7029021e-05,0.9770028,0,1e-16,4,6.8434739,3.2874975,790.32096,117.5766,39.192241,0,3578.9139,0,1.2207808e+20,3.4110372e+16,1e-10,1e+20
3001.1476,1449.4628,744464.85,50,3578.7068,1169.2725,3.7041156e-05,0.9751174,0,1e-16,4,6.8437941,3.2876465,773.20189,117.5805,39.193531,0,3578.7068,0,1.2048571e+20,3.3667386e+16,1e-10,1e+20
3018.2395,1455.2516,739599.06,50,3578.5043,1169.7975,3.7054433e-05,0.97329191,0,1e-16,4,6.8439421,3.287722,756.70944,117.57897,39.193001,0,3578.5043,0,1.1890402e+20,3.3227296e+16,1e-10,1e+20
3035.2991,1461.0022,734733.28,50,3578.3038,1170.3203,3.7066644e-05,0.97152787,0,1e-16,4,6.8442013,3.2878425,740.81532,117.58129,39.19373,0,3578.3038,0,1.1733294e+20,3.2790101e+16,1e-10,1e+20
3052.3277,1466.7146,729867.5,50,3578.1092,1170.8379,3.7078477e-05,0.96982694,0,1e-16,4,6.8444923,3.2879907,725.4928,117.58457,39.194975,0,3578.1092,0,1.1577259e+20,3.2355802e+16,1e-10,1e+20
3069.3262,1472.3889,725001.71,50,3577.918,1171.3405,3.7090277e-05,0.96819075,0,1e-16,4,6.8447414,3.2881063,710.71659,117.58728,39.195669,0,3577.918,0,1.1422288e+20,3.1924397e+16,1e-10,1e+20
3086.296,1478.0251,720135.93,50,3577.7276,1171.832,3.7102204e-05,0.96662105,0,1e-16,4,6.8449449,3.2882053,696.46276,117.58745,39.195948,0,3577.7276,0,1.1268371e+20,3.1495888e+16,1e-10,1e+20
3103.2381,1483.6231,715270.15,50,3577.5512,1172.3329,3.7111306e-05,0.96511964,0,1e-16,4,6.8454031,3.2884237,682.70867,117.59792,39.199301,0,3577.5512,0,1.111555e+20,3.1070275e+16,1e-10,1e+20
3120.1538,1489.183,710404.36,50,3577.3758,1172.8128,3.7121717e-05,0.96368832,0,1e-16,4,6.8457202,3.2885806,669.43285,117.60276,39.201054,0,3577.3758,0,1.0963783e+20,3.0647557e+16,1e-10,1e+20
3137.0444,1494.7049,705538.58,50,3577.2006,1173.2882,3.7131859e-05,0.96232902,0,1e-16,4,6.8460602,3.2887424,656.61497,117.60878,39.202979,0,3577.2006,0,1.0813067e+20,3.0227734e+16,1e-10,1e+20
3153.9112,1500.1886,700672.8,50,3577.0333,1173.7544,3.714153e-05,0.96104375,0,1e-16,4,6.8464149,3.2889156,644.23576,117.61587,39.205229,0,3577.0333,0,1.0663425e+20,2.9810806e+16,1e-10,1e+20
3170.7555,1505.6343,695807.01,50,3576.8654,1174.2138,3.7151188e-05,0.95983453,0,1e-16,4,6.8467739,3.2890844,632.27694,117.62246,39.207543,0,3576.8654,0,1.051483e+20,2.9396774e+16,1e-10,1e+20
3187.5786,1511.0419,690941.23,50,3576.7059,1174.6639,3.7160728e-05,0.9587035,0,1e-16,4,6.8471362,3.2892559,620.72118,117.62971,39.209958,0,3576.7059,0,1.036731e+20,2.8985637e+16,1e-10,1e+20
3204.382,1516.4114,686075.45,50,3576.5481,1175.1024,3.7170355e-05,0.95765286,0,1e-16,4,6.8474815,3.2894209,609.55201,117.63624,39.212134,0,3576.5481,0,1.0220843e+20,2.8577395e+16,1e-10,1e+20
3221.1671,1521.7429,681209.66,50,3576.3872,1175.5353,3.718041e-05,0.95668488,0,1e-16,4,6.8478033,3.2895741,598.75381,117.64201,39.214123,0,3576.3872,0,1.0075415e+20,2.8172049e+16,1e-10,1e+20
3237.9353,1527.0364,676343.88,50,3576.238,1175.9565,3.7189951e-05,0.95580196,0,1e-16,4,6.8481469,3.2897434,588.31173,117.64886,39.216343,0,3576.238,0,9.9310691e+19,2.7769598e+16,1e-10,1e+20
3254.6882,1532.2918,671478.1,50,3576.0901,1176.3702,3.71997e-05,0.95500651,0,1e-16,4,6.8484623,3.2898971,578.21166,117.65472,39.218331,0,3576.0901,0,9.7877736e+19,2.7370042e+16,1e-10,1e+20
3271.4274,1537.5092,666612.31,50,3575.9511,1176.7994,3.720584e-05,0.95430109,0,1e-16,4,6.8490843,3.2901923,568.44019,117.67211,39.223935,0,3575.9511,0,9.6455494e+19,2.6973382e+16,1e-10,1e+20
3288.1544,1542.6886,661746.53,50,3575.8174,1177.2072,3.7213409e-05,0.9536883,0,1e-16,4,6.8495672,3.2904289,558.98455,117.68404,39.227997,0,3575.8174,0,9.5043858e+19,2.6579617e+16,1e-10,1e+20
3304.871,1547.8299,656880.75,50,3575.685,1177.6039,3.722126e-05,0.95317088,0,1e-16,4,6.8500054,3.2906369,549.83261,117.6946,39.231527,0,3575.685,0,9.3642713e+19,2.6188748e+16,1e-10,1e+20
3321.5788,1552.9333,652014.96,50,3575.5555,1177.9941,3.7229026e-05,0.95275166,0,1e-16,4,6.8504382,3.290844,540.97281,117.70584,39.235172,0,3575.5555,0,9.2252095e+19,2.5800773e+16,1e-10,1e+20
3338.2796,1557.9987,647149.18,50,3575.4324,1178.3751,3.723652e-05,0.95243359,0,1e-16,4,6.8508853,3.2910563,532.39416,117.7166,39.238949,0,3575.4324,0,9.0872096e+19,2.5415694e+16,1e-10,1e+20
3354.9752,1563.0261,642283.4,50,3575.3219,1178.751,3.7243118e-05,0.9522197,0,1e-16,4,6.8513808,3.2913008,524.08618,117.73015,39.243289,0,3575.3219,0,8.9502859e+19,2.5033511e+16,1e-10,1e+20
3371.6675,1568.0156,637417.61,50,3575.206,1179.1178,3.7249737e-05,0.95211315,0,1e-16,4,6.8518374,3.2915157,516.03889,117.74152,39.247239,0,3575.206,0,8.8143924e+19,2.4654222e+16,1e-10,1e+20
3388.3584,1572.9671,632551.83,50,3575.1068,1179.4754,3.7255952e-05,0.95211725,0,1e-16,4,6.8522955,3.2917334,508.24277,117.7543,39.25139,0,3575.1068,0,8.6795833e+19,2.4277829e+16,1e-10,1e+20
3405.0498,1577.8807,627686.05,50,3575.0023,1179.8278,3.7262073e-05,0.95223537,0,1e-16,4,6.8527579,3.2919614,500.68878,117.76653,39.255642,0,3575.0023,0,8.545804e+19,2.3904332e+16,1e-10,1e+20
3421.7439,1582.7563,622820.26,50,3574.9056,1180.1745,3.7267376e-05,0.95247111,0,1e-16,4,6.8532588,3.2922013,493.36826,117.78061,39.260347,0,3574.9056,0,8.4130862e+19,2.3533729e+16,1e-10,1e+20
3438.4427,1587.594,617954.48,50,3574.8032,1180.5127,3.727437e-05,0.95282815,0,1e-16,4,6.8537184,3.2924178,486.27296,117.7934,39.264475,0,3574.8032,0,8.2813971e+19,2.3166022e+16,1e-10,1e+20
3455.1482,1592.3938,613088.7,50,3574.724,1180.8582,3.7277996e-05,0.95331036,0,1e-16,4,6.8544324,3.2927601,479.39505,117.81473,39.271676,0,3574.724,0,8.1508036e+19,2.2801211e+16,1e-10,1e+20
3471.863,1597.1556,608222.91,50,3574.6371,1181.1819,3.7284232e-05,0.95392168,0,1e-16,4,6.8549228,3.2929951,472.727,117.82898,39.276313,0,3574.6371,0,8.0212335e+19,2.2439294e+16,1e-10,1e+20
3488.5891,1601.8796,603357.13,100,5608.7179,788.03855,6.1697373e-05,0.9546663,0,1000000,33.3,4.6056439,2.2124787,10000,83.456532,27.818813,0,0,0,1.3984432e+21,2.4933385e+17,0,0.005
3848.8795,1609.9359,543021.42,100,5632.6398,789.87621,6.1032817e-05,0.85919967,0,1000000,33.3,4.6508236,2.2341808,10000,85.464767,28.488277,0,0,0,1.1245627e+21,1.9965109e+17,0,0.005
4178.8985,1617.2245,482685.71,100,5654.1584,791.55516,6.0450644e-05,0.76373304,0,1000000,33.3,4.6911225,2.2535433,10000,87.284638,29.094885,0,0,0,8.7915739e+20,1.5548864e+17,0,0.005
4478.4375,1623.7674,422349.99,100,5673.3742,793.07689,5.9942657e-05,0.66826641,0,1000000,33.3,4.7268767,2.2707216,10000,88.921386,29.640476,0,0,0,6.6291388e+20,1.1684649e+17,0,0.005
4747.4333,1629.5864,362014.28,100,5690.3871,794.44027,5.9502176e-05,0.57279978,0,1000000,33.3,4.7583375,2.2858346,10000,90.379294,30.126413,0,0,0,4.7642568e+20,8.3724652e+16,0,0.005
4986.0491,1634.7045,301678.57,100,5705.2976,795.64917,5.9123115e-05,0.47733315,0,1000000,33.3,4.785771,2.29901,10000,91.663784,30.554597,0,0,0,3.2019909e+20,5.6123119e+16,0,0.005
5194.8647,1639.1504,241342.85,100,5718.2052,796.70599,5.8800069e-05,0.38186652,0,1000000,33.3,4.8094078,2.3103657,10000,92.781003,30.92697,0,0,0,1.9465852e+20,3.4041892e+16,0,0.005
5375.409,1642.9701,181007.14,100,5729.26,797.61988,5.8526993e-05,0.28639989,0,1000000,33.3,4.8295835,2.3200622,10000,93.742102,31.24734,0,0,0,1.0015303e+20,1.7480971e+16,0,0.005
5532.1628,1646.2685,120671.43,100,5738.797,798.41023,5.8294396e-05,0.19093326,0,1000000,33.3,4.8469244,2.3283893,10000,94.573504,31.524483,0,0,0,3.6959907e+19,6.4403579e+15,0,0.005
5686.423,1649.4995,60335.713,100,5748.1068,799.19136,5.8069569e-05,0.09546663,0,1000000,33.3,4.8638076,2.3365002,10000,95.387917,31.796011,0,0,0,5.2885521e+18,9.2005112e+14,0,0.005
